[[{"__type__":"cc.Prefab","_name":"prairie_1","data":{"__id__":1}},{"__type__":"cc.Node","_name":"New Node","_children":[{"__id__":2}],"_prefab":{"__type__":"cc.PrefabInfo","root":{"__id__":1},"asset":{"__uuid__":"01bcqsg+pEEKPYnfEbC4Fe"},"fileId":"35cFfO1ElHz6f5zOPDb743"},"_trs":{"__type__":"TypedArray","ctor":"Float64Array","array":[0,0,0,0,0,0,1,1,1,1]}},{"__type__":"cc.Node","_name":"07","_parent":{"__id__":1},"_components":[{"__type__":"cc.Sprite","node":{"__id__":2},"_spriteFrame":{"__uuid__":"9foOes7N9KVah5SymjKX+z"},"_sizeMode":0}],"_prefab":{"__type__":"cc.PrefabInfo","root":{"__id__":1},"asset":{"__uuid__":"01bcqsg+pEEKPYnfEbC4Fe"},"fileId":"1e4S69p3JOgbfHUJ4RRUd6"},"_contentSize":{"__type__":"cc.Size","width":441,"height":347},"_trs":{"__type__":"TypedArray","ctor":"Float64Array","array":[-198,170,0,0,0,0,1,1,1,1]}}],{"__type__":"cc.SpriteFrame","content":{"name":"01","texture":"6czHb96VlCW7PZ6FOuNly+","rect":[0,3,250,194],"offset":[0,-1.5],"originalSize":[250,197],"capInsets":[0,0,0,0]}}]