{"__type__":"dragonBones.DragonBonesAsset","_name":"jinbi_ske","_dragonBonesJson":"{\"frameRate\":24,\"isGlobal\":0,\"armature\":[{\"skin\":[{\"name\":\"\",\"slot\":[{\"display\":[{\"path\":\"1\",\"type\":\"image\",\"name\":\"1\",\"transform\":{}},{\"path\":\"2\",\"type\":\"image\",\"name\":\"2\",\"transform\":{}},{\"path\":\"3\",\"type\":\"image\",\"name\":\"3\",\"transform\":{}},{\"path\":\"4\",\"type\":\"image\",\"name\":\"4\",\"transform\":{}},{\"path\":\"5\",\"type\":\"image\",\"name\":\"5\",\"transform\":{}},{\"path\":\"6\",\"type\":\"image\",\"name\":\"6\",\"transform\":{}},{\"path\":\"7\",\"type\":\"image\",\"name\":\"7\",\"transform\":{}}],\"name\":\"1\"}]}],\"animation\":[{\"ik\":[],\"duration\":13,\"frame\":[],\"bone\":[{\"frame\":[{\"duration\":13,\"transform\":{}}],\"name\":\"root\"},{\"frame\":[{\"duration\":12,\"transform\":{}},{\"duration\":1,\"transform\":{}}],\"name\":\"bone\"}],\"slot\":[{\"frame\":[{\"tweenEasing\":null,\"duration\":2},{\"tweenEasing\":null,\"duration\":2,\"displayIndex\":6},{\"tweenEasing\":null,\"duration\":2,\"displayIndex\":2},{\"tweenEasing\":null,\"duration\":2,\"displayIndex\":1},{\"tweenEasing\":null,\"duration\":2,\"displayIndex\":5},{\"tweenEasing\":null,\"duration\":2,\"displayIndex\":3},{\"tweenEasing\":null,\"duration\":1,\"displayIndex\":4},{\"tweenEasing\":null,\"duration\":0,\"displayIndex\":-1}],\"name\":\"1\"}],\"ffd\":[],\"playTimes\":0,\"name\":\"A\"}],\"type\":\"Armature\",\"bone\":[{\"name\":\"root\",\"transform\":{}},{\"transform\":{},\"name\":\"bone\",\"parent\":\"root\"}],\"aabb\":{\"width\":47,\"y\":-16,\"height\":32,\"x\":-23.5},\"slot\":[{\"color\":{},\"name\":\"1\",\"parent\":\"bone\",\"displayIndex\":6}],\"defaultActions\":[{\"gotoAndPlay\":\"A\"}],\"name\":\"Armature\",\"frameRate\":24,\"ik\":[]}],\"name\":\"jinbi\",\"version\":\"5.0\"}"}