[{"__type__":"cc.SpriteFrame","content":{"name":"car0_17","texture":"a6u2AHLbVMFpViBQw7wEzR","rect":[299,310,87,77],"offset":[2,2],"originalSize":[193,83],"capInsets":[0,0,0,0]}},{"__type__":"cc.SpriteFrame","content":{"name":"car0_01","texture":"a6u2AHLbVMFpViBQw7wEzR","rect":[127,75,125,73],"offset":[-33,-3],"originalSize":[193,83],"capInsets":[0,0,0,0]}},{"__type__":"cc.SpriteFrame","content":{"name":"car0_26","texture":"a6u2AHLbVMFpViBQw7wEzR","rect":[377,77,119,75],"offset":[28,-2],"originalSize":[193,83],"capInsets":[0,0,0,0]}},{"__type__":"cc.SpriteFrame","content":{"name":"car0_07","texture":"a6u2AHLbVMFpViBQw7wEzR","rect":[299,389,109,77],"offset":[-20,0],"originalSize":[193,83],"capInsets":[0,0,0,0]}},{"__type__":"cc.SpriteFrame","content":{"name":"car0_14","texture":"a6u2AHLbVMFpViBQw7wEzR","rect":[287,154,81,75],"offset":[-1,1],"originalSize":[193,83],"capInsets":[0,0,0,0]}},{"__type__":"cc.SpriteFrame","content":{"name":"car0_06","texture":"a6u2AHLbVMFpViBQw7wEzR","rect":[2,466,113,77],"offset":[-23,0],"originalSize":[193,83],"capInsets":[0,0,0,0]}},{"__type__":"cc.SpriteFrame","content":{"name":"car0_29","texture":"a6u2AHLbVMFpViBQw7wEzR","rect":[260,2,125,73],"offset":[33,-3],"originalSize":[193,83],"capInsets":[0,0,0,0]}},{"__type__":"cc.SpriteFrame","content":{"name":"car0_05","texture":"a6u2AHLbVMFpViBQw7wEzR","rect":[370,154,117,75],"offset":[-26,-1],"originalSize":[193,83],"capInsets":[0,0,0,0]}},{"__type__":"cc.SpriteFrame","content":{"name":"car0_03","texture":"a6u2AHLbVMFpViBQw7wEzR","rect":[123,231,121,75],"offset":[-29,-1],"originalSize":[193,83],"capInsets":[0,0,0,0]}},{"__type__":"cc.SpriteFrame","content":{"name":"car0_16","texture":"a6u2AHLbVMFpViBQw7wEzR","rect":[121,150,81,75],"offset":[1,1],"originalSize":[193,83],"capInsets":[0,0,0,0]}},{"__type__":"cc.SpriteFrame","content":{"name":"car0_10","texture":"a6u2AHLbVMFpViBQw7wEzR","rect":[220,468,99,79],"offset":[-11,1],"originalSize":[193,83],"capInsets":[0,0,0,0]}},{"__type__":"cc.SpriteFrame","content":{"name":"car0_20","texture":"a6u2AHLbVMFpViBQw7wEzR","rect":[410,389,99,79],"offset":[10,1],"originalSize":[193,83],"capInsets":[0,0,0,0]}},{"__type__":"cc.SpriteFrame","content":{"name":"car0_24","texture":"a6u2AHLbVMFpViBQw7wEzR","rect":[246,231,113,77],"offset":[23,0],"originalSize":[193,83],"capInsets":[0,0,0,0]}},{"__type__":"cc.SpriteFrame","content":{"name":"car0_27","texture":"a6u2AHLbVMFpViBQw7wEzR","rect":[254,77,121,75],"offset":[29,-1],"originalSize":[193,83],"capInsets":[0,0,0,0]}},{"__type__":"cc.SpriteFrame","content":{"name":"car0_11","texture":"a6u2AHLbVMFpViBQw7wEzR","rect":[95,387,95,77],"offset":[-9,1],"originalSize":[193,83],"capInsets":[0,0,0,0]}},{"__type__":"cc.SpriteFrame","content":{"name":"car0_00","texture":"a6u2AHLbVMFpViBQw7wEzR","rect":[131,2,127,71],"offset":[-33,-4],"originalSize":[193,83],"capInsets":[0,0,0,0]}},{"__type__":"cc.SpriteFrame","content":{"name":"car0_21","texture":"a6u2AHLbVMFpViBQw7wEzR","rect":[117,468,101,79],"offset":[14,1],"originalSize":[193,83],"capInsets":[0,0,0,0]}},{"__type__":"cc.SpriteFrame","content":{"name":"car0_15","texture":"a6u2AHLbVMFpViBQw7wEzR","rect":[204,154,81,75],"offset":[0,2],"originalSize":[193,83],"capInsets":[0,0,0,0]}},{"__type__":"cc.SpriteFrame","content":{"name":"car0_08","texture":"a6u2AHLbVMFpViBQw7wEzR","rect":[192,389,105,77],"offset":[-17,0],"originalSize":[193,83],"capInsets":[0,0,0,0]}},{"__type__":"cc.SpriteFrame","content":{"name":"car0_22","texture":"a6u2AHLbVMFpViBQw7wEzR","rect":[2,304,105,77],"offset":[17,0],"originalSize":[193,83],"capInsets":[0,0,0,0]}},{"__type__":"cc.SpriteFrame","content":{"name":"car0_13","texture":"a6u2AHLbVMFpViBQw7wEzR","rect":[388,310,87,77],"offset":[-3,2],"originalSize":[193,83],"capInsets":[0,0,0,0]}},{"__type__":"cc.SpriteFrame","content":{"name":"car0_18","texture":"a6u2AHLbVMFpViBQw7wEzR","rect":[206,310,91,77],"offset":[6,1],"originalSize":[193,83],"capInsets":[0,0,0,0]}},{"__type__":"cc.SpriteFrame","content":{"name":"car0_19","texture":"a6u2AHLbVMFpViBQw7wEzR","rect":[109,308,95,77],"offset":[8,1],"originalSize":[193,83],"capInsets":[0,0,0,0]}},{"__type__":"cc.SpriteFrame","content":{"name":"car0_30","texture":"a6u2AHLbVMFpViBQw7wEzR","rect":[2,2,127,71],"offset":[33,-4],"originalSize":[193,83],"capInsets":[0,0,0,0]}},{"__type__":"cc.SpriteFrame","content":{"name":"car0_28","texture":"a6u2AHLbVMFpViBQw7wEzR","rect":[387,2,123,73],"offset":[31,-3],"originalSize":[193,83],"capInsets":[0,0,0,0]}},{"__type__":"cc.SpriteFrame","content":{"name":"car0_12","texture":"a6u2AHLbVMFpViBQw7wEzR","rect":[2,383,91,77],"offset":[-7,1],"originalSize":[193,83],"capInsets":[0,0,0,0]}},{"__type__":"cc.SpriteFrame","content":{"name":"car0_23","texture":"a6u2AHLbVMFpViBQw7wEzR","rect":[361,231,109,77],"offset":[20,0],"originalSize":[193,83],"capInsets":[0,0,0,0]}},{"__type__":"cc.SpriteFrame","content":{"name":"car0_25","texture":"a6u2AHLbVMFpViBQw7wEzR","rect":[2,150,117,75],"offset":[25,-1],"originalSize":[193,83],"capInsets":[0,0,0,0]}},{"__type__":"cc.SpriteFrame","content":{"name":"car0_04","texture":"a6u2AHLbVMFpViBQw7wEzR","rect":[2,227,119,75],"offset":[-28,-2],"originalSize":[193,83],"capInsets":[0,0,0,0]}},{"__type__":"cc.SpriteAtlas","_name":"car0.plist","_spriteFrames":{"car0_00":{"__uuid__":"7fSuyx6upOKKBwyA9WPSd1"},"car0_01":{"__uuid__":"0aKyAtZYRP+7H1gKbr4EL1"},"car0_02":{"__uuid__":"f5AgG5ZzFAmLoWYnvIcZww"},"car0_03":{"__uuid__":"4aEmx0ZUJAXrpFU33Z/xeY"},"car0_04":{"__uuid__":"eeiBUEIQ1IyrvFK3684Rpj"},"car0_05":{"__uuid__":"32cGHa9A1NZ6UjXw68CYQh"},"car0_06":{"__uuid__":"29u3wMMMhAHJpCvgIuRbB/"},"car0_07":{"__uuid__":"0djNYArqpJwYrx/9qCJEP8"},"car0_08":{"__uuid__":"98M7bdpt1AKagJpkS0SyvU"},"car0_09":{"__uuid__":"f7gVmb8kBBm6gxcDN/cmu+"},"car0_10":{"__uuid__":"5eVc1sT5tJYo37aMa00jay"},"car0_11":{"__uuid__":"70RqvwuW5NA59yhbe0XXC9"},"car0_12":{"__uuid__":"c8zgrBoi5NuJxBDtzSZzNG"},"car0_13":{"__uuid__":"a0Zwm1ahFOqK7KiK3HRZp2"},"car0_14":{"__uuid__":"1a/QeNTKNJ8KoI0DaXyxwc"},"car0_15":{"__uuid__":"92lRLW9mNJ752O6HVun8L/"},"car0_16":{"__uuid__":"5bv2IYR6xJlpu2MR10yF5r"},"car0_17":{"__uuid__":"06OE+22AxIAboOELX7ZLam"},"car0_18":{"__uuid__":"a0oWXGHKtHXqX4h+IQp/61"},"car0_19":{"__uuid__":"a2kPpo9oNKPIliSul+iJM7"},"car0_20":{"__uuid__":"5ef+gwvUBOOrU3ikU6feca"},"car0_21":{"__uuid__":"8bSIsGcylNdquoQl+2txEb"},"car0_22":{"__uuid__":"9f4nUkjCxKypvFHiBsRzZn"},"car0_23":{"__uuid__":"d4CmtLg+pBK7kB2GLaTM9s"},"car0_24":{"__uuid__":"64IGBbyU9GL64Z8x0JqRt9"},"car0_25":{"__uuid__":"e4crCjlZxBW48DJlT/1lxi"},"car0_26":{"__uuid__":"0bngvIoExLh7olI/RsREgs"},"car0_27":{"__uuid__":"67MPMy3t5BsKKYrRILORbY"},"car0_28":{"__uuid__":"b6zrDvpVFGjJyshCwzyBmC"},"car0_29":{"__uuid__":"2dzOdgvtJBJ7/BrCoaoM+p"},"car0_30":{"__uuid__":"a9wPZtZ7lGNKTjPt3v5pm6"}}},{"__type__":"cc.SpriteFrame","content":{"name":"car0_02","texture":"a6u2AHLbVMFpViBQw7wEzR","rect":[2,75,123,73],"offset":[-31,-3],"originalSize":[193,83],"capInsets":[0,0,0,0]}},{"__type__":"cc.SpriteFrame","content":{"name":"car0_09","texture":"a6u2AHLbVMFpViBQw7wEzR","rect":[321,470,101,79],"offset":[-14,1],"originalSize":[193,83],"capInsets":[0,0,0,0]}}]