{"__type__":"dragonBones.DragonBonesAtlasAsset","_name":"jinbi_tex","_atlasJson":"{\"width\":128,\"SubTexture\":[{\"width\":46,\"y\":1,\"height\":47,\"name\":\"5\",\"x\":1},{\"width\":47,\"y\":50,\"height\":42,\"name\":\"2\",\"x\":1},{\"width\":47,\"y\":1,\"height\":40,\"name\":\"6\",\"x\":49},{\"width\":47,\"y\":94,\"height\":32,\"name\":\"7\",\"x\":1},{\"width\":47,\"y\":43,\"height\":38,\"name\":\"4\",\"x\":50},{\"width\":47,\"y\":83,\"height\":33,\"name\":\"3\",\"x\":50},{\"width\":25,\"y\":1,\"height\":47,\"name\":\"1\",\"x\":99}],\"height\":128,\"name\":\"jinbi\",\"imagePath\":\"jinbi_tex.png\"}","_texture":{"__uuid__":"98Yh5wcPVD/rYAl3WfChJl"},"texture":{"__uuid__":"98Yh5wcPVD/rYAl3WfChJl"}}