[{"__type__":"cc.SpriteFrame","content":{"name":"truck0_24","texture":"99ZsjdIn5A2qL34sR0m1s4","rect":[150,246,132,84],"offset":[28,0],"originalSize":[236,84],"capInsets":[0,0,0,0]}},{"__type__":"cc.SpriteFrame","content":{"name":"truck0_15","texture":"99ZsjdIn5A2qL34sR0m1s4","rect":[424,600,84,80],"offset":[0,2],"originalSize":[236,84],"capInsets":[0,0,0,0]}},{"__type__":"cc.SpriteFrame","content":{"name":"truck0_00","texture":"99ZsjdIn5A2qL34sR0m1s4","rect":[156,2,152,76],"offset":[-42,-3],"originalSize":[236,84],"capInsets":[0,0,0,0]}},{"__type__":"cc.SpriteFrame","content":{"name":"truck0_19","texture":"99ZsjdIn5A2qL34sR0m1s4","rect":[280,430,102,84],"offset":[10,0],"originalSize":[236,84],"capInsets":[0,0,0,0]}},{"__type__":"cc.SpriteFrame","content":{"name":"truck0_29","texture":"99ZsjdIn5A2qL34sR0m1s4","rect":[2,80,150,78],"offset":[41,-2],"originalSize":[236,84],"capInsets":[0,0,0,0]}},{"__type__":"cc.SpriteAtlas","_name":"truck0.plist","_spriteFrames":{"truck0_00":{"__uuid__":"21vXV0EOJPqJ98SMEL8ICh"},"truck0_01":{"__uuid__":"89n1pLYE5Fj4+62NgwWpzp"},"truck0_02":{"__uuid__":"7bA7Bxpu1OabLtmjPW/uRi"},"truck0_03":{"__uuid__":"49PWvbE2tNpatVlMVNPwpI"},"truck0_04":{"__uuid__":"81s2qMkedOS5Hg2duTPFAK"},"truck0_05":{"__uuid__":"9dWb5RKB5M6aII/ft85Agj"},"truck0_06":{"__uuid__":"36CZwWtN9OtICWVUTDceOM"},"truck0_07":{"__uuid__":"918DM2e/ZDb7F1xCUdaV3f"},"truck0_08":{"__uuid__":"b6QMavabVGWKRia3S2qzcA"},"truck0_09":{"__uuid__":"82/qMHzi1GJp/TMxUjLNB0"},"truck0_10":{"__uuid__":"b6uM+bN0FEQqUljwayghN+"},"truck0_11":{"__uuid__":"e3ovf/zpNBopAqfOCZh4Je"},"truck0_12":{"__uuid__":"b7GJZksZVHaIgyqEQYnP0Z"},"truck0_13":{"__uuid__":"cdMEGL/5FDz434mUcbLAGK"},"truck0_14":{"__uuid__":"faNhB4/HBI/KWyX6mP9xyf"},"truck0_15":{"__uuid__":"1cHTsCqCtG4JGwNre4kZpH"},"truck0_16":{"__uuid__":"cbWI7gjHNEZLmkXAJAJv9X"},"truck0_17":{"__uuid__":"b2Rcf08p9I5JSQi0im20rV"},"truck0_18":{"__uuid__":"a1VpCPwCVLg5HhgrC7IBUU"},"truck0_19":{"__uuid__":"24oER9G+hNPad7jgJC9GPW"},"truck0_20":{"__uuid__":"8a205JJ+dDVooL9kXd8swv"},"truck0_21":{"__uuid__":"73H4gtMWdNELWhgp6wRcVd"},"truck0_22":{"__uuid__":"900+z9jkhO3bir8lWvCBfS"},"truck0_23":{"__uuid__":"c3vp0t4j9FKJpL7gF5Pr5z"},"truck0_24":{"__uuid__":"12DzzbQDBHD7v6nHMdMg43"},"truck0_25":{"__uuid__":"c0C4PUNxhJfbG5Z2xLlXAi"},"truck0_26":{"__uuid__":"80hOYJCiVGQaMnEcgDhGmc"},"truck0_27":{"__uuid__":"c8TvS1LA5M1rSsyIDHp3VW"},"truck0_28":{"__uuid__":"94fRBgP5NKKbe41Q//3s1s"},"truck0_29":{"__uuid__":"2a/kYjXqZCUpNMXL0e1qHq"},"truck0_30":{"__uuid__":"9bhReUOGdGfqgsmtL0LY11"}}},{"__type__":"cc.SpriteFrame","content":{"name":"truck0_06","texture":"99ZsjdIn5A2qL34sR0m1s4","rect":[150,332,132,84],"offset":[-28,0],"originalSize":[236,84],"capInsets":[0,0,0,0]}},{"__type__":"cc.SpriteFrame","content":{"name":"truck0_03","texture":"99ZsjdIn5A2qL34sR0m1s4","rect":[2,322,146,80],"offset":[-37,-2],"originalSize":[236,84],"capInsets":[0,0,0,0]}},{"__type__":"cc.SpriteFrame","content":{"name":"truck0_21","texture":"99ZsjdIn5A2qL34sR0m1s4","rect":[284,258,114,84],"offset":[17,0],"originalSize":[236,84],"capInsets":[0,0,0,0]}},{"__type__":"cc.SpriteFrame","content":{"name":"truck0_02","texture":"99ZsjdIn5A2qL34sR0m1s4","rect":[2,404,146,80],"offset":[-39,-2],"originalSize":[236,84],"capInsets":[0,0,0,0]}},{"__type__":"cc.SpriteFrame","content":{"name":"truck0_26","texture":"99ZsjdIn5A2qL34sR0m1s4","rect":[2,486,142,82],"offset":[34,-1],"originalSize":[236,84],"capInsets":[0,0,0,0]}},{"__type__":"cc.SpriteFrame","content":{"name":"truck0_04","texture":"99ZsjdIn5A2qL34sR0m1s4","rect":[2,570,142,82],"offset":[-35,-1],"originalSize":[236,84],"capInsets":[0,0,0,0]}},{"__type__":"cc.SpriteFrame","content":{"name":"truck0_09","texture":"99ZsjdIn5A2qL34sR0m1s4","rect":[284,344,114,84],"offset":[-17,0],"originalSize":[236,84],"capInsets":[0,0,0,0]}},{"__type__":"cc.SpriteFrame","content":{"name":"truck0_01","texture":"99ZsjdIn5A2qL34sR0m1s4","rect":[2,160,150,78],"offset":[-42,-2],"originalSize":[236,84],"capInsets":[0,0,0,0]}},{"__type__":"cc.SpriteFrame","content":{"name":"truck0_20","texture":"99ZsjdIn5A2qL34sR0m1s4","rect":[400,258,110,84],"offset":[13,0],"originalSize":[236,84],"capInsets":[0,0,0,0]}},{"__type__":"cc.SpriteFrame","content":{"name":"truck0_22","texture":"99ZsjdIn5A2qL34sR0m1s4","rect":[146,504,122,84],"offset":[21,0],"originalSize":[236,84],"capInsets":[0,0,0,0]}},{"__type__":"cc.SpriteFrame","content":{"name":"truck0_07","texture":"99ZsjdIn5A2qL34sR0m1s4","rect":[150,418,128,84],"offset":[-25,0],"originalSize":[236,84],"capInsets":[0,0,0,0]}},{"__type__":"cc.SpriteFrame","content":{"name":"truck0_28","texture":"99ZsjdIn5A2qL34sR0m1s4","rect":[154,80,146,80],"offset":[39,-2],"originalSize":[236,84],"capInsets":[0,0,0,0]}},{"__type__":"cc.SpriteFrame","content":{"name":"truck0_30","texture":"99ZsjdIn5A2qL34sR0m1s4","rect":[2,2,152,76],"offset":[42,-3],"originalSize":[236,84],"capInsets":[0,0,0,0]}},{"__type__":"cc.SpriteFrame","content":{"name":"truck0_05","texture":"99ZsjdIn5A2qL34sR0m1s4","rect":[154,162,138,82],"offset":[-32,-1],"originalSize":[236,84],"capInsets":[0,0,0,0]}},{"__type__":"cc.SpriteFrame","content":{"name":"truck0_18","texture":"99ZsjdIn5A2qL34sR0m1s4","rect":[146,590,98,82],"offset":[7,1],"originalSize":[236,84],"capInsets":[0,0,0,0]}},{"__type__":"cc.SpriteFrame","content":{"name":"truck0_17","texture":"99ZsjdIn5A2qL34sR0m1s4","rect":[370,516,90,82],"offset":[3,1],"originalSize":[236,84],"capInsets":[0,0,0,0]}},{"__type__":"cc.SpriteFrame","content":{"name":"truck0_08","texture":"99ZsjdIn5A2qL34sR0m1s4","rect":[294,172,122,84],"offset":[-21,0],"originalSize":[236,84],"capInsets":[0,0,0,0]}},{"__type__":"cc.SpriteFrame","content":{"name":"truck0_10","texture":"99ZsjdIn5A2qL34sR0m1s4","rect":[400,344,110,84],"offset":[-14,0],"originalSize":[236,84],"capInsets":[0,0,0,0]}},{"__type__":"cc.SpriteFrame","content":{"name":"truck0_12","texture":"99ZsjdIn5A2qL34sR0m1s4","rect":[270,516,98,82],"offset":[-8,1],"originalSize":[236,84],"capInsets":[0,0,0,0]}},{"__type__":"cc.SpriteFrame","content":{"name":"truck0_25","texture":"99ZsjdIn5A2qL34sR0m1s4","rect":[310,2,138,82],"offset":[31,-1],"originalSize":[236,84],"capInsets":[0,0,0,0]}},{"__type__":"cc.SpriteFrame","content":{"name":"truck0_23","texture":"99ZsjdIn5A2qL34sR0m1s4","rect":[302,86,128,84],"offset":[24,0],"originalSize":[236,84],"capInsets":[0,0,0,0]}},{"__type__":"cc.SpriteFrame","content":{"name":"truck0_27","texture":"99ZsjdIn5A2qL34sR0m1s4","rect":[2,240,146,80],"offset":[36,-2],"originalSize":[236,84],"capInsets":[0,0,0,0]}},{"__type__":"cc.SpriteFrame","content":{"name":"truck0_16","texture":"99ZsjdIn5A2qL34sR0m1s4","rect":[418,172,84,82],"offset":[1,1],"originalSize":[236,84],"rotated":1,"capInsets":[0,0,0,0]}},{"__type__":"cc.SpriteFrame","content":{"name":"truck0_13","texture":"99ZsjdIn5A2qL34sR0m1s4","rect":[246,600,90,82],"offset":[-4,1],"originalSize":[236,84],"capInsets":[0,0,0,0]}},{"__type__":"cc.SpriteFrame","content":{"name":"truck0_11","texture":"99ZsjdIn5A2qL34sR0m1s4","rect":[384,430,102,84],"offset":[-10,0],"originalSize":[236,84],"capInsets":[0,0,0,0]}},{"__type__":"cc.SpriteFrame","content":{"name":"truck0_14","texture":"99ZsjdIn5A2qL34sR0m1s4","rect":[338,600,84,82],"offset":[-1,1],"originalSize":[236,84],"capInsets":[0,0,0,0]}}]