[{"__type__":"cc.SpriteFrame","content":{"name":"car1_14","texture":"0bI7QtjPxPEZccVxirU2uY","rect":[287,154,81,75],"offset":[-1,1],"originalSize":[193,83],"capInsets":[0,0,0,0]}},{"__type__":"cc.SpriteFrame","content":{"name":"car1_11","texture":"0bI7QtjPxPEZccVxirU2uY","rect":[95,387,95,77],"offset":[-9,1],"originalSize":[193,83],"capInsets":[0,0,0,0]}},{"__type__":"cc.SpriteFrame","content":{"name":"car1_02","texture":"0bI7QtjPxPEZccVxirU2uY","rect":[2,75,123,73],"offset":[-31,-3],"originalSize":[193,83],"capInsets":[0,0,0,0]}},{"__type__":"cc.SpriteFrame","content":{"name":"car1_30","texture":"0bI7QtjPxPEZccVxirU2uY","rect":[2,2,127,71],"offset":[33,-4],"originalSize":[193,83],"capInsets":[0,0,0,0]}},{"__type__":"cc.SpriteFrame","content":{"name":"car1_09","texture":"0bI7QtjPxPEZccVxirU2uY","rect":[321,470,101,79],"offset":[-14,1],"originalSize":[193,83],"capInsets":[0,0,0,0]}},{"__type__":"cc.SpriteFrame","content":{"name":"car1_05","texture":"0bI7QtjPxPEZccVxirU2uY","rect":[370,154,117,75],"offset":[-26,-1],"originalSize":[193,83],"capInsets":[0,0,0,0]}},{"__type__":"cc.SpriteFrame","content":{"name":"car1_00","texture":"0bI7QtjPxPEZccVxirU2uY","rect":[131,2,127,71],"offset":[-33,-4],"originalSize":[193,83],"capInsets":[0,0,0,0]}},{"__type__":"cc.SpriteFrame","content":{"name":"car1_26","texture":"0bI7QtjPxPEZccVxirU2uY","rect":[377,77,119,75],"offset":[28,-2],"originalSize":[193,83],"capInsets":[0,0,0,0]}},{"__type__":"cc.SpriteFrame","content":{"name":"car1_21","texture":"0bI7QtjPxPEZccVxirU2uY","rect":[117,468,101,79],"offset":[14,1],"originalSize":[193,83],"capInsets":[0,0,0,0]}},{"__type__":"cc.SpriteFrame","content":{"name":"car1_10","texture":"0bI7QtjPxPEZccVxirU2uY","rect":[220,468,99,79],"offset":[-11,1],"originalSize":[193,83],"capInsets":[0,0,0,0]}},{"__type__":"cc.SpriteFrame","content":{"name":"car1_01","texture":"0bI7QtjPxPEZccVxirU2uY","rect":[127,75,125,73],"offset":[-33,-3],"originalSize":[193,83],"capInsets":[0,0,0,0]}},{"__type__":"cc.SpriteFrame","content":{"name":"car1_17","texture":"0bI7QtjPxPEZccVxirU2uY","rect":[299,310,87,77],"offset":[2,2],"originalSize":[193,83],"capInsets":[0,0,0,0]}},{"__type__":"cc.SpriteFrame","content":{"name":"car1_18","texture":"0bI7QtjPxPEZccVxirU2uY","rect":[206,310,91,77],"offset":[6,1],"originalSize":[193,83],"capInsets":[0,0,0,0]}},{"__type__":"cc.SpriteFrame","content":{"name":"car1_06","texture":"0bI7QtjPxPEZccVxirU2uY","rect":[2,466,113,77],"offset":[-23,0],"originalSize":[193,83],"capInsets":[0,0,0,0]}},{"__type__":"cc.SpriteFrame","content":{"name":"car1_15","texture":"0bI7QtjPxPEZccVxirU2uY","rect":[204,154,81,75],"offset":[0,2],"originalSize":[193,83],"capInsets":[0,0,0,0]}},{"__type__":"cc.SpriteFrame","content":{"name":"car1_16","texture":"0bI7QtjPxPEZccVxirU2uY","rect":[121,150,81,75],"offset":[1,1],"originalSize":[193,83],"capInsets":[0,0,0,0]}},{"__type__":"cc.SpriteFrame","content":{"name":"car1_28","texture":"0bI7QtjPxPEZccVxirU2uY","rect":[387,2,123,73],"offset":[31,-3],"originalSize":[193,83],"capInsets":[0,0,0,0]}},{"__type__":"cc.SpriteFrame","content":{"name":"car1_12","texture":"0bI7QtjPxPEZccVxirU2uY","rect":[2,383,91,77],"offset":[-7,1],"originalSize":[193,83],"capInsets":[0,0,0,0]}},{"__type__":"cc.SpriteFrame","content":{"name":"car1_24","texture":"0bI7QtjPxPEZccVxirU2uY","rect":[246,231,113,77],"offset":[23,0],"originalSize":[193,83],"capInsets":[0,0,0,0]}},{"__type__":"cc.SpriteFrame","content":{"name":"car1_19","texture":"0bI7QtjPxPEZccVxirU2uY","rect":[109,308,95,77],"offset":[8,1],"originalSize":[193,83],"capInsets":[0,0,0,0]}},{"__type__":"cc.SpriteFrame","content":{"name":"car1_25","texture":"0bI7QtjPxPEZccVxirU2uY","rect":[2,150,117,75],"offset":[25,-1],"originalSize":[193,83],"capInsets":[0,0,0,0]}},{"__type__":"cc.SpriteFrame","content":{"name":"car1_13","texture":"0bI7QtjPxPEZccVxirU2uY","rect":[388,310,87,77],"offset":[-3,2],"originalSize":[193,83],"capInsets":[0,0,0,0]}},{"__type__":"cc.SpriteFrame","content":{"name":"car1_29","texture":"0bI7QtjPxPEZccVxirU2uY","rect":[260,2,125,73],"offset":[33,-3],"originalSize":[193,83],"capInsets":[0,0,0,0]}},{"__type__":"cc.SpriteFrame","content":{"name":"car1_04","texture":"0bI7QtjPxPEZccVxirU2uY","rect":[2,227,119,75],"offset":[-28,-2],"originalSize":[193,83],"capInsets":[0,0,0,0]}},{"__type__":"cc.SpriteFrame","content":{"name":"car1_20","texture":"0bI7QtjPxPEZccVxirU2uY","rect":[410,389,99,79],"offset":[10,1],"originalSize":[193,83],"capInsets":[0,0,0,0]}},{"__type__":"cc.SpriteFrame","content":{"name":"car1_03","texture":"0bI7QtjPxPEZccVxirU2uY","rect":[123,231,121,75],"offset":[-29,-1],"originalSize":[193,83],"capInsets":[0,0,0,0]}},{"__type__":"cc.SpriteFrame","content":{"name":"car1_22","texture":"0bI7QtjPxPEZccVxirU2uY","rect":[2,304,105,77],"offset":[17,0],"originalSize":[193,83],"capInsets":[0,0,0,0]}},{"__type__":"cc.SpriteAtlas","_name":"car1.plist","_spriteFrames":{"car1_00":{"__uuid__":"46GBAeF/lOcI5sli9zPlFt"},"car1_01":{"__uuid__":"78Ntect3VCLaIiPoNBptL4"},"car1_02":{"__uuid__":"1bCp8XgblMtpuNyCT7W4Y1"},"car1_03":{"__uuid__":"d54Hhvq6FE8qaNWgfqchZ6"},"car1_04":{"__uuid__":"c6Zslf9BxH3rDdedQAgKrK"},"car1_05":{"__uuid__":"2fuWYc9ShEQ5BPdFrEBEpc"},"car1_06":{"__uuid__":"86e7KoSO9BaICGlcCvpKvH"},"car1_07":{"__uuid__":"e9Fb1zhzxFxrOLqFBa2TyD"},"car1_08":{"__uuid__":"f8ssG8+0JD5oOfti9ksuGO"},"car1_09":{"__uuid__":"2abQF2opBNvo05do1gM+pC"},"car1_10":{"__uuid__":"4fMtt2LrlKkbkM9I4C3RnT"},"car1_11":{"__uuid__":"16bZdtrA9LPJEb+JEnafm0"},"car1_12":{"__uuid__":"b3iSXe59xJ2717yy8NA5tc"},"car1_13":{"__uuid__":"c5F3/zVnhOTpm5JZrIFHEk"},"car1_14":{"__uuid__":"0aHp3O8WlBv6ox+bcT/CJK"},"car1_15":{"__uuid__":"88l2wNkm5MSY34ixOZFCh2"},"car1_16":{"__uuid__":"95oa9s9KRLQLCU19tsnSUE"},"car1_17":{"__uuid__":"7avxqR1O5Ec7r+dNo7cy6j"},"car1_18":{"__uuid__":"80/0bw601LFosgsW38zIVT"},"car1_19":{"__uuid__":"beOfPbrCxMuqr9VoC3ZqAW"},"car1_20":{"__uuid__":"c8ORetxA1DE6M9ZF++C+Jj"},"car1_21":{"__uuid__":"49BkCtll1B0quTSew8ZVN2"},"car1_22":{"__uuid__":"e2olYYTzZMn4RkOSimpuSS"},"car1_23":{"__uuid__":"ebG8ZsplZL86w5BPAIBD/5"},"car1_24":{"__uuid__":"bbsWE/fS1JY5gAoizuCRDe"},"car1_25":{"__uuid__":"c0jQ/914JIHr7KjFJIm+j+"},"car1_26":{"__uuid__":"46RcpmtdJIP7Lo136kLT1z"},"car1_27":{"__uuid__":"e9A2HsDphHVK10rWovm+4p"},"car1_28":{"__uuid__":"aa2A2vIWtCWYp3VpcSzyyy"},"car1_29":{"__uuid__":"c6RulVfKpKs6Cbd2polEft"},"car1_30":{"__uuid__":"1fsXlV3CJI+7EOHRLw9OoP"}}},{"__type__":"cc.SpriteFrame","content":{"name":"car1_27","texture":"0bI7QtjPxPEZccVxirU2uY","rect":[254,77,121,75],"offset":[29,-1],"originalSize":[193,83],"capInsets":[0,0,0,0]}},{"__type__":"cc.SpriteFrame","content":{"name":"car1_07","texture":"0bI7QtjPxPEZccVxirU2uY","rect":[299,389,109,77],"offset":[-20,0],"originalSize":[193,83],"capInsets":[0,0,0,0]}},{"__type__":"cc.SpriteFrame","content":{"name":"car1_23","texture":"0bI7QtjPxPEZccVxirU2uY","rect":[361,231,109,77],"offset":[20,0],"originalSize":[193,83],"capInsets":[0,0,0,0]}},{"__type__":"cc.SpriteFrame","content":{"name":"car1_08","texture":"0bI7QtjPxPEZccVxirU2uY","rect":[192,389,105,77],"offset":[-17,0],"originalSize":[193,83],"capInsets":[0,0,0,0]}}]