[[{"__type__":"cc.Prefab","_name":"prairie_0","data":{"__id__":1}},{"__type__":"cc.Node","_name":"New Node","_children":[{"__id__":2}],"_prefab":{"__type__":"cc.PrefabInfo","root":{"__id__":1},"asset":{"__uuid__":"04eZefAatM262SQfY1pkwG"},"fileId":"35cFfO1ElHz6f5zOPDb743"},"_trs":{"__type__":"TypedArray","ctor":"Float64Array","array":[0,0,0,0,0,0,1,1,1,1]},"_zIndex":0},{"__type__":"cc.Node","_name":"07","_parent":{"__id__":1},"_components":[{"__type__":"cc.Sprite","node":{"__id__":2},"_spriteFrame":{"__uuid__":"58Tr45cYtKc7R+GwlAduKK"},"_sizeMode":0}],"_prefab":{"__type__":"cc.PrefabInfo","root":{"__id__":1},"asset":{"__uuid__":"04eZefAatM262SQfY1pkwG"},"fileId":"1e4S69p3JOgbfHUJ4RRUd6"},"_contentSize":{"__type__":"cc.Size","width":209,"height":100},"_trs":{"__type__":"TypedArray","ctor":"Float64Array","array":[-139,46,0,0,0,0,1,1,1,1]},"_zIndex":0}],{"__type__":"cc.SpriteFrame","content":{"name":"00","texture":"d6SwCZf+NFGb6Q9Lu7UbOi","rect":[0,0,208,100],"offset":[-0.5,0],"originalSize":[209,100],"capInsets":[0,0,0,0]}}]