[[{"__type__":"cc.Prefab","_name":"loadingMask","data":{"__id__":1}},{"__type__":"cc.Node","_name":"loadingMask","_children":[{"__id__":2},{"__id__":3},{"__id__":4}],"_components":[{"__type__":"cc.Widget","node":{"__id__":1},"_alignFlags":45,"_originalWidth":100,"_originalHeight":100},{"__type__":"dd17404NCFJWowtAl3BBA9B","node":{"__id__":1},"loadingTipsLabel":{"__id__":5}}],"_prefab":{"__type__":"cc.PrefabInfo","root":{"__id__":1},"asset":{"__uuid__":"07+fAYAqRFMqdHGDckEFtp"},"fileId":"1deW55bIJE57JfiXMzFGZ0"},"_color":{"__type__":"cc.Color","r":51,"g":50,"b":50},"_contentSize":{"__type__":"cc.Size","width":750,"height":1334},"_trs":{"__type__":"TypedArray","ctor":"Float64Array","array":[375,667,0,0,0,0,1,1,1,1]}},{"__type__":"cc.Node","_name":"New Sprite(Splash)","_parent":{"__id__":1},"_components":[{"__type__":"cc.Sprite","node":{"__id__":2},"_materials":[{"__uuid__":"ecpdLyjvZBwrvm+cedCcQy"}],"_spriteFrame":{"__uuid__":"a2MjXRFdtLlYQ5ouAFv/+R"},"_sizeMode":0},{"__type__":"cc.BlockInputEvents","node":{"__id__":2}},{"__type__":"cc.Widget","node":{"__id__":2},"_alignFlags":45,"_originalWidth":100,"_originalHeight":100}],"_prefab":{"__type__":"cc.PrefabInfo","root":{"__id__":1},"asset":{"__uuid__":"07+fAYAqRFMqdHGDckEFtp"},"fileId":"64gEq72bNF+LWogQXbKOwA"},"_opacity":120,"_color":{"__type__":"cc.Color","r":68,"g":64,"b":64},"_contentSize":{"__type__":"cc.Size","width":750,"height":1334},"_trs":{"__type__":"TypedArray","ctor":"Float64Array","array":[0,0,0,0,0,0,1,1,1,1]}},{"__type__":"cc.Node","_name":"jiazai","_parent":{"__id__":1},"_components":[{"__type__":"cc.Sprite","node":{"__id__":3}},{"__type__":"cc.Animation","node":{"__id__":3},"playOnLoad":true}],"_prefab":{"__type__":"cc.PrefabInfo","root":{"__id__":1},"asset":{"__uuid__":"07+fAYAqRFMqdHGDckEFtp"},"fileId":"36Gw6/a81DoLim4suNhlkW"},"_contentSize":{"__type__":"cc.Size","width":128,"height":135},"_trs":{"__type__":"TypedArray","ctor":"Float64Array","array":[0,0,0,0,0,0,1,1,1,1]}},{"__type__":"cc.Node","_name":"LabelTips","_parent":{"__id__":1},"_components":[{"__id__":5}],"_prefab":{"__type__":"cc.PrefabInfo","root":{"__id__":1},"asset":{"__uuid__":"07+fAYAqRFMqdHGDckEFtp"},"fileId":"afk/9SKcBF7KwRIM0hIUC5"},"_contentSize":{"__type__":"cc.Size","height":50.4},"_trs":{"__type__":"TypedArray","ctor":"Float64Array","array":[0,-107,0,0,0,0,1,1,1,1]}},{"__type__":"cc.Label","node":{"__id__":4},"_materials":[{"__uuid__":"ecpdLyjvZBwrvm+cedCcQy"}],"_useOriginalSize":false,"_N$horizontalAlign":1,"_N$verticalAlign":1}],[{"__type__":"cc.Prefab","_name":"toastNode","data":{"__id__":1}},{"__type__":"cc.Node","_name":"toastNode","_children":[{"__id__":2}],"_components":[{"__type__":"cc.Widget","node":{"__id__":1},"_alignFlags":18},{"__type__":"cc.Animation","node":{"__id__":1},"_clips":[{"__uuid__":"847d/xTXZD2JtljwHxiMx/"}]},{"__type__":"f6007yG0ipA173pXSl4Y7Y/","node":{"__id__":1},"labelToast":{"__id__":4},"toastNode":{"__id__":2}}],"_prefab":{"__type__":"cc.PrefabInfo","root":{"__id__":1},"asset":{"__uuid__":"0aA10oHrxFd7uXNS5cFxXp"},"fileId":"04b1aoz4pOTrE0eMJBxH8H"},"_contentSize":{"__type__":"cc.Size","width":200,"height":50},"_trs":{"__type__":"TypedArray","ctor":"Float64Array","array":[375,667,0,0,0,0,1,1,1,1]}},{"__type__":"cc.Node","_name":"bg","_parent":{"__id__":1},"_children":[{"__id__":3}],"_active":false,"_components":[{"__type__":"cc.Sprite","_name":"bg<Sprite>","node":{"__id__":2},"_materials":[{"__uuid__":"ecpdLyjvZBwrvm+cedCcQy"}],"_spriteFrame":{"__uuid__":"4dxlV/v4hGua59/RCLPww1"},"_sizeMode":0},{"__type__":"cc.Layout","node":{"__id__":2},"_layoutSize":{"__type__":"cc.Size","width":180,"height":83},"_resize":1,"_N$layoutType":1,"_N$paddingLeft":40,"_N$paddingRight":40}],"_prefab":{"__type__":"cc.PrefabInfo","root":{"__id__":1},"asset":{"__uuid__":"0aA10oHrxFd7uXNS5cFxXp"},"fileId":"b74ppta61NVYzA/HjZka9N"},"_contentSize":{"__type__":"cc.Size","width":180,"height":83},"_trs":{"__type__":"TypedArray","ctor":"Float64Array","array":[0,0,0,0,0,0,1,1,1,1]}},{"__type__":"cc.Node","_name":"label_toast","_parent":{"__id__":2},"_components":[{"__id__":4}],"_prefab":{"__type__":"cc.PrefabInfo","root":{"__id__":1},"asset":{"__uuid__":"0aA10oHrxFd7uXNS5cFxXp"},"fileId":"1fjaq7xIhJNp8NDskUp82J"},"_color":{"__type__":"cc.Color","r":175,"g":82},"_contentSize":{"__type__":"cc.Size","width":100,"height":31.5},"_trs":{"__type__":"TypedArray","ctor":"Float64Array","array":[0,0,0,0,0,0,1,1,1,1]}},{"__type__":"cc.Label","_name":"label_toast<Label>","node":{"__id__":3},"_materials":[{"__uuid__":"ecpdLyjvZBwrvm+cedCcQy"}],"_useOriginalSize":false,"_string":"消息提示","_N$string":"消息提示","_fontSize":25,"_lineHeight":25,"_N$horizontalAlign":1,"_N$verticalAlign":1,"_N$fontFamily":"黑体"}],{"__type__":"cc.SpriteFrame","content":{"name":"tipRect","texture":"a13t3j1hFGhJAKotUB0fwF","rect":[0,0,343,134],"offset":[0,0],"originalSize":[343,134],"capInsets":[22,30,32,32]}},{"__type__":"cc.AnimationClip","_name":"toast","_duration":1,"curveData":{"props":{"opacity":[{"frame":0,"value":255},{"frame":1,"value":0}]}}},{"__type__":"cc.SpriteFrame","content":{"name":"default_sprite_splash","texture":"02delMVqdBD70a/HSD99FK","rect":[0,0,2,2],"offset":[0,0],"originalSize":[2,2],"capInsets":[0,0,0,0]}}]