[{"__type__":"cc.SpriteFrame","content":{"name":"moto_103","texture":"b0uCO0VM1MdYM0oIzS+UhQ","rect":[430,600,42,50],"offset":[-17,-5],"originalSize":[170,80],"rotated":1,"capInsets":[0,0,0,0]}},{"__type__":"cc.SpriteFrame","content":{"name":"moto_123","texture":"b0uCO0VM1MdYM0oIzS+UhQ","rect":[404,216,64,50],"offset":[24,-4],"originalSize":[170,80],"capInsets":[0,0,0,0]}},{"__type__":"cc.SpriteFrame","content":{"name":"moto_39","texture":"b0uCO0VM1MdYM0oIzS+UhQ","rect":[54,660,44,50],"offset":[-17,-4],"originalSize":[170,80],"rotated":1,"capInsets":[0,0,0,0]}},{"__type__":"cc.SpriteFrame","content":{"name":"moto_41","texture":"b0uCO0VM1MdYM0oIzS+UhQ","rect":[266,680,40,50],"offset":[-14,-4],"originalSize":[170,80],"rotated":1,"capInsets":[0,0,0,0]}},{"__type__":"cc.SpriteFrame","content":{"name":"moto_48","texture":"b0uCO0VM1MdYM0oIzS+UhQ","rect":[54,842,30,50],"offset":[2,-4],"originalSize":[170,80],"rotated":1,"capInsets":[0,0,0,0]}},{"__type__":"cc.SpriteFrame","content":{"name":"moto_27","texture":"b0uCO0VM1MdYM0oIzS+UhQ","rect":[310,320,58,52],"offset":[23,-3],"originalSize":[170,80],"capInsets":[0,0,0,0]}},{"__type__":"cc.SpriteFrame","content":{"name":"moto_56","texture":"b0uCO0VM1MdYM0oIzS+UhQ","rect":[164,606,50,50],"offset":[18,-4],"originalSize":[170,80],"capInsets":[0,0,0,0]}},{"__type__":"cc.SpriteFrame","content":{"name":"moto_151","texture":"b0uCO0VM1MdYM0oIzS+UhQ","rect":[152,56,72,52],"offset":[30,-4],"originalSize":[170,80],"capInsets":[0,0,0,0]}},{"__type__":"cc.SpriteFrame","content":{"name":"moto_80","texture":"b0uCO0VM1MdYM0oIzS+UhQ","rect":[380,532,32,52],"offset":[11,-3],"originalSize":[170,80],"rotated":1,"capInsets":[0,0,0,0]}},{"__type__":"cc.SpriteFrame","content":{"name":"moto_45","texture":"b0uCO0VM1MdYM0oIzS+UhQ","rect":[314,770,32,50],"offset":[-6,-4],"originalSize":[170,80],"rotated":1,"capInsets":[0,0,0,0]}},{"__type__":"cc.SpriteFrame","content":{"name":"moto_46","texture":"b0uCO0VM1MdYM0oIzS+UhQ","rect":[106,842,30,50],"offset":[-4,-4],"originalSize":[170,80],"rotated":1,"capInsets":[0,0,0,0]}},{"__type__":"cc.SpriteFrame","content":{"name":"moto_98","texture":"b0uCO0VM1MdYM0oIzS+UhQ","rect":[272,164,64,50],"offset":[-28,-5],"originalSize":[170,80],"capInsets":[0,0,0,0]}},{"__type__":"cc.SpriteFrame","content":{"name":"moto_01","texture":"b0uCO0VM1MdYM0oIzS+UhQ","rect":[288,110,68,52],"offset":[-27,-3],"originalSize":[170,80],"capInsets":[0,0,0,0]}},{"__type__":"cc.SpriteFrame","content":{"name":"moto_38","texture":"b0uCO0VM1MdYM0oIzS+UhQ","rect":[2,612,48,50],"offset":[-19,-4],"originalSize":[170,80],"rotated":1,"capInsets":[0,0,0,0]}},{"__type__":"cc.SpriteFrame","content":{"name":"moto_33","texture":"b0uCO0VM1MdYM0oIzS+UhQ","rect":[76,110,70,52],"offset":[-29,-4],"originalSize":[170,80],"capInsets":[0,0,0,0]}},{"__type__":"cc.SpriteFrame","content":{"name":"moto_47","texture":"b0uCO0VM1MdYM0oIzS+UhQ","rect":[2,844,30,50],"offset":[-1,-4],"originalSize":[170,80],"rotated":1,"capInsets":[0,0,0,0]}},{"__type__":"cc.SpriteFrame","content":{"name":"moto_16","texture":"b0uCO0VM1MdYM0oIzS+UhQ","rect":[218,574,30,52],"offset":[2,-3],"originalSize":[170,80],"rotated":1,"capInsets":[0,0,0,0]}},{"__type__":"cc.SpriteFrame","content":{"name":"moto_15","texture":"b0uCO0VM1MdYM0oIzS+UhQ","rect":[326,568,30,52],"offset":[0,-3],"originalSize":[170,80],"rotated":1,"capInsets":[0,0,0,0]}},{"__type__":"cc.SpriteFrame","content":{"name":"moto_05","texture":"b0uCO0VM1MdYM0oIzS+UhQ","rect":[394,430,52,52],"offset":[-20,-3],"originalSize":[170,80],"capInsets":[0,0,0,0]}},{"__type__":"cc.SpriteFrame","content":{"name":"moto_110","texture":"b0uCO0VM1MdYM0oIzS+UhQ","rect":[2,778,32,50],"offset":[-2,-4],"originalSize":[170,80],"rotated":1,"capInsets":[0,0,0,0]}},{"__type__":"cc.SpriteFrame","content":{"name":"moto_60","texture":"b0uCO0VM1MdYM0oIzS+UhQ","rect":[338,214,64,50],"offset":[25,-4],"originalSize":[170,80],"capInsets":[0,0,0,0]}},{"__type__":"cc.SpriteFrame","content":{"name":"moto_112","texture":"b0uCO0VM1MdYM0oIzS+UhQ","rect":[262,796,32,50],"offset":[4,-4],"originalSize":[170,80],"rotated":1,"capInsets":[0,0,0,0]}},{"__type__":"cc.SpriteFrame","content":{"name":"moto_147","texture":"b0uCO0VM1MdYM0oIzS+UhQ","rect":[458,378,54,52],"offset":[22,-4],"originalSize":[170,80],"rotated":1,"capInsets":[0,0,0,0]}},{"__type__":"cc.SpriteFrame","content":{"name":"moto_141","texture":"b0uCO0VM1MdYM0oIzS+UhQ","rect":[54,742,32,50],"offset":[11,-4],"originalSize":[170,80],"rotated":1,"capInsets":[0,0,0,0]}},{"__type__":"cc.SpriteFrame","content":{"name":"moto_22","texture":"b0uCO0VM1MdYM0oIzS+UhQ","rect":[218,530,42,52],"offset":[15,-3],"originalSize":[170,80],"rotated":1,"capInsets":[0,0,0,0]}},{"__type__":"cc.SpriteFrame","content":{"name":"moto_24","texture":"b0uCO0VM1MdYM0oIzS+UhQ","rect":[326,482,48,52],"offset":[18,-3],"originalSize":[170,80],"rotated":1,"capInsets":[0,0,0,0]}},{"__type__":"cc.SpriteFrame","content":{"name":"moto_76","texture":"b0uCO0VM1MdYM0oIzS+UhQ","rect":[158,706,32,50],"offset":[0,-4],"originalSize":[170,80],"rotated":1,"capInsets":[0,0,0,0]}},{"__type__":"cc.SpriteFrame","content":{"name":"moto_130","texture":"b0uCO0VM1MdYM0oIzS+UhQ","rect":[326,600,46,50],"offset":[-13,-4],"originalSize":[170,80],"rotated":1,"capInsets":[0,0,0,0]}},{"__type__":"cc.SpriteFrame","content":{"name":"moto_84","texture":"b0uCO0VM1MdYM0oIzS+UhQ","rect":[466,270,44,52],"offset":[17,-3],"originalSize":[170,80],"capInsets":[0,0,0,0]}},{"__type__":"cc.SpriteFrame","content":{"name":"moto_126","texture":"b0uCO0VM1MdYM0oIzS+UhQ","rect":[2,324,58,50],"offset":[-21,-4],"originalSize":[170,80],"capInsets":[0,0,0,0]}},{"__type__":"cc.SpriteFrame","content":{"name":"moto_104","texture":"b0uCO0VM1MdYM0oIzS+UhQ","rect":[372,686,40,50],"offset":[-15,-5],"originalSize":[170,80],"rotated":1,"capInsets":[0,0,0,0]}},{"__type__":"cc.SpriteFrame","content":{"name":"moto_26","texture":"b0uCO0VM1MdYM0oIzS+UhQ","rect":[2,376,56,52],"offset":[21,-3],"originalSize":[170,80],"capInsets":[0,0,0,0]}},{"__type__":"cc.SpriteFrame","content":{"name":"moto_146","texture":"b0uCO0VM1MdYM0oIzS+UhQ","rect":[218,478,50,52],"offset":[20,-4],"originalSize":[170,80],"rotated":1,"capInsets":[0,0,0,0]}},{"__type__":"cc.SpriteFrame","content":{"name":"moto_70","texture":"b0uCO0VM1MdYM0oIzS+UhQ","rect":[164,526,42,52],"offset":[-12,-3],"originalSize":[170,80],"rotated":1,"capInsets":[0,0,0,0]}},{"__type__":"cc.SpriteFrame","content":{"name":"moto_81","texture":"b0uCO0VM1MdYM0oIzS+UhQ","rect":[164,570,34,52],"offset":[13,-3],"originalSize":[170,80],"rotated":1,"capInsets":[0,0,0,0]}},{"__type__":"cc.SpriteFrame","content":{"name":"moto_17","texture":"b0uCO0VM1MdYM0oIzS+UhQ","rect":[272,568,30,52],"offset":[5,-3],"originalSize":[170,80],"rotated":1,"capInsets":[0,0,0,0]}},{"__type__":"cc.SpriteFrame","content":{"name":"moto_62","texture":"b0uCO0VM1MdYM0oIzS+UhQ","rect":[148,110,68,52],"offset":[-27,-3],"originalSize":[170,80],"capInsets":[0,0,0,0]}},{"__type__":"cc.SpriteFrame","content":{"name":"moto_29","texture":"b0uCO0VM1MdYM0oIzS+UhQ","rect":[218,110,68,52],"offset":[26,-3],"originalSize":[170,80],"capInsets":[0,0,0,0]}},{"__type__":"cc.SpriteFrame","content":{"name":"moto_75","texture":"b0uCO0VM1MdYM0oIzS+UhQ","rect":[106,810,30,50],"offset":[-2,-4],"originalSize":[170,80],"rotated":1,"capInsets":[0,0,0,0]}},{"__type__":"cc.SpriteFrame","content":{"name":"moto_145","texture":"b0uCO0VM1MdYM0oIzS+UhQ","rect":[434,486,46,52],"offset":[18,-4],"originalSize":[170,80],"rotated":1,"capInsets":[0,0,0,0]}},{"__type__":"cc.SpriteFrame","content":{"name":"moto_03","texture":"b0uCO0VM1MdYM0oIzS+UhQ","rect":[192,218,60,52],"offset":[-24,-3],"originalSize":[170,80],"capInsets":[0,0,0,0]}},{"__type__":"cc.SpriteFrame","content":{"name":"moto_21","texture":"b0uCO0VM1MdYM0oIzS+UhQ","rect":[226,56,40,52],"offset":[13,-3],"originalSize":[170,80],"capInsets":[0,0,0,0]}},{"__type__":"cc.SpriteFrame","content":{"name":"moto_138","texture":"b0uCO0VM1MdYM0oIzS+UhQ","rect":[158,842,30,50],"offset":[4,-4],"originalSize":[170,80],"rotated":1,"capInsets":[0,0,0,0]}},{"__type__":"cc.SpriteFrame","content":{"name":"moto_90","texture":"b0uCO0VM1MdYM0oIzS+UhQ","rect":[2,162,68,52],"offset":[28,-4],"originalSize":[170,80],"capInsets":[0,0,0,0]}},{"__type__":"cc.SpriteFrame","content":{"name":"moto_83","texture":"b0uCO0VM1MdYM0oIzS+UhQ","rect":[164,482,42,52],"offset":[15,-3],"originalSize":[170,80],"rotated":1,"capInsets":[0,0,0,0]}},{"__type__":"cc.SpriteFrame","content":{"name":"moto_148","texture":"b0uCO0VM1MdYM0oIzS+UhQ","rect":[402,322,58,52],"offset":[24,-4],"originalSize":[170,80],"capInsets":[0,0,0,0]}},{"__type__":"cc.SpriteFrame","content":{"name":"moto_63","texture":"b0uCO0VM1MdYM0oIzS+UhQ","rect":[140,164,64,52],"offset":[-25,-3],"originalSize":[170,80],"capInsets":[0,0,0,0]}},{"__type__":"cc.SpriteFrame","content":{"name":"moto_66","texture":"b0uCO0VM1MdYM0oIzS+UhQ","rect":[402,376,54,52],"offset":[-20,-3],"originalSize":[170,80],"capInsets":[0,0,0,0]}},{"__type__":"cc.SpriteFrame","content":{"name":"moto_105","texture":"b0uCO0VM1MdYM0oIzS+UhQ","rect":[318,730,38,50],"offset":[-13,-5],"originalSize":[170,80],"rotated":1,"capInsets":[0,0,0,0]}},{"__type__":"cc.SpriteFrame","content":{"name":"moto_58","texture":"b0uCO0VM1MdYM0oIzS+UhQ","rect":[238,374,56,50],"offset":[21,-4],"originalSize":[170,80],"capInsets":[0,0,0,0]}},{"__type__":"cc.SpriteFrame","content":{"name":"moto_74","texture":"b0uCO0VM1MdYM0oIzS+UhQ","rect":[158,740,32,50],"offset":[-4,-4],"originalSize":[170,80],"rotated":1,"capInsets":[0,0,0,0]}},{"__type__":"cc.SpriteFrame","content":{"name":"moto_86","texture":"b0uCO0VM1MdYM0oIzS+UhQ","rect":[286,426,52,52],"offset":[20,-4],"originalSize":[170,80],"capInsets":[0,0,0,0]}},{"__type__":"cc.SpriteFrame","content":{"name":"moto_20","texture":"b0uCO0VM1MdYM0oIzS+UhQ","rect":[2,574,36,52],"offset":[12,-3],"originalSize":[170,80],"rotated":1,"capInsets":[0,0,0,0]}},{"__type__":"cc.SpriteFrame","content":{"name":"moto_11","texture":"b0uCO0VM1MdYM0oIzS+UhQ","rect":[56,572,38,52],"offset":[-9,-3],"originalSize":[170,80],"rotated":1,"capInsets":[0,0,0,0]}},{"__type__":"cc.SpriteFrame","content":{"name":"moto_79","texture":"b0uCO0VM1MdYM0oIzS+UhQ","rect":[370,320,30,52],"offset":[9,-3],"originalSize":[170,80],"capInsets":[0,0,0,0]}},{"__type__":"cc.SpriteFrame","content":{"name":"moto_91","texture":"b0uCO0VM1MdYM0oIzS+UhQ","rect":[428,108,74,52],"offset":[30,-4],"originalSize":[170,80],"capInsets":[0,0,0,0]}},{"__type__":"cc.SpriteFrame","content":{"name":"moto_142","texture":"b0uCO0VM1MdYM0oIzS+UhQ","rect":[272,532,34,52],"offset":[13,-4],"originalSize":[170,80],"rotated":1,"capInsets":[0,0,0,0]}},{"__type__":"cc.SpriteFrame","content":{"name":"moto_134","texture":"b0uCO0VM1MdYM0oIzS+UhQ","rect":[474,790,36,50],"offset":[-6,-4],"originalSize":[170,80],"capInsets":[0,0,0,0]}},{"__type__":"cc.SpriteFrame","content":{"name":"moto_71","texture":"b0uCO0VM1MdYM0oIzS+UhQ","rect":[378,644,40,50],"offset":[-11,-4],"originalSize":[170,80],"rotated":1,"capInsets":[0,0,0,0]}},{"__type__":"cc.SpriteFrame","content":{"name":"moto_93","texture":"b0uCO0VM1MdYM0oIzS+UhQ","rect":[2,2,88,52],"offset":[-38,-5],"originalSize":[170,80],"capInsets":[0,0,0,0]}},{"__type__":"cc.SpriteFrame","content":{"name":"moto_88","texture":"b0uCO0VM1MdYM0oIzS+UhQ","rect":[68,218,60,52],"offset":[24,-4],"originalSize":[170,80],"capInsets":[0,0,0,0]}},{"__type__":"cc.SpriteFrame","content":{"name":"moto_116","texture":"b0uCO0VM1MdYM0oIzS+UhQ","rect":[106,660,44,50],"offset":[11,-4],"originalSize":[170,80],"rotated":1,"capInsets":[0,0,0,0]}},{"__type__":"cc.SpriteFrame","content":{"name":"moto_96","texture":"b0uCO0VM1MdYM0oIzS+UhQ","rect":[2,110,72,50],"offset":[-31,-5],"originalSize":[170,80],"capInsets":[0,0,0,0]}},{"__type__":"cc.SpriteFrame","content":{"name":"moto_94","texture":"b0uCO0VM1MdYM0oIzS+UhQ","rect":[268,2,82,50],"offset":[-36,-5],"originalSize":[170,80],"capInsets":[0,0,0,0]}},{"__type__":"cc.SpriteFrame","content":{"name":"moto_07","texture":"b0uCO0VM1MdYM0oIzS+UhQ","rect":[2,482,46,52],"offset":[-16,-3],"originalSize":[170,80],"rotated":1,"capInsets":[0,0,0,0]}},{"__type__":"cc.SpriteFrame","content":{"name":"moto_59","texture":"b0uCO0VM1MdYM0oIzS+UhQ","rect":[64,272,60,50],"offset":[22,-4],"originalSize":[170,80],"capInsets":[0,0,0,0]}},{"__type__":"cc.SpriteFrame","content":{"name":"moto_68","texture":"b0uCO0VM1MdYM0oIzS+UhQ","rect":[354,374,46,52],"offset":[-16,-3],"originalSize":[170,80],"capInsets":[0,0,0,0]}},{"__type__":"cc.SpriteFrame","content":{"name":"moto_149","texture":"b0uCO0VM1MdYM0oIzS+UhQ","rect":[402,268,62,52],"offset":[26,-4],"originalSize":[170,80],"capInsets":[0,0,0,0]}},{"__type__":"cc.SpriteFrame","content":{"name":"moto_42","texture":"b0uCO0VM1MdYM0oIzS+UhQ","rect":[424,686,38,50],"offset":[-11,-4],"originalSize":[170,80],"rotated":1,"capInsets":[0,0,0,0]}},{"__type__":"cc.SpriteFrame","content":{"name":"moto_25","texture":"b0uCO0VM1MdYM0oIzS+UhQ","rect":[340,428,52,52],"offset":[20,-3],"originalSize":[170,80],"capInsets":[0,0,0,0]}},{"__type__":"cc.SpriteFrame","content":{"name":"moto_95","texture":"b0uCO0VM1MdYM0oIzS+UhQ","rect":[428,56,78,50],"offset":[-34,-5],"originalSize":[170,80],"capInsets":[0,0,0,0]}},{"__type__":"cc.SpriteFrame","content":{"name":"moto_72","texture":"b0uCO0VM1MdYM0oIzS+UhQ","rect":[318,690,38,50],"offset":[-8,-4],"originalSize":[170,80],"rotated":1,"capInsets":[0,0,0,0]}},{"__type__":"cc.SpriteFrame","content":{"name":"moto_125","texture":"b0uCO0VM1MdYM0oIzS+UhQ","rect":[126,272,60,50],"offset":[-22,-4],"originalSize":[170,80],"capInsets":[0,0,0,0]}},{"__type__":"cc.SpriteFrame","content":{"name":"moto_34","texture":"b0uCO0VM1MdYM0oIzS+UhQ","rect":[428,162,66,52],"offset":[-27,-4],"originalSize":[170,80],"capInsets":[0,0,0,0]}},{"__type__":"cc.SpriteFrame","content":{"name":"moto_97","texture":"b0uCO0VM1MdYM0oIzS+UhQ","rect":[358,110,68,50],"offset":[-29,-5],"originalSize":[170,80],"capInsets":[0,0,0,0]}},{"__type__":"cc.SpriteFrame","content":{"name":"moto_129","texture":"b0uCO0VM1MdYM0oIzS+UhQ","rect":[110,608,50,50],"offset":[-15,-4],"originalSize":[170,80],"capInsets":[0,0,0,0]}},{"__type__":"cc.SpriteFrame","content":{"name":"moto_37","texture":"b0uCO0VM1MdYM0oIzS+UhQ","rect":[448,434,52,50],"offset":[-21,-4],"originalSize":[170,80],"capInsets":[0,0,0,0]}},{"__type__":"cc.SpriteFrame","content":{"name":"moto_118","texture":"b0uCO0VM1MdYM0oIzS+UhQ","rect":[216,606,50,50],"offset":[14,-4],"originalSize":[170,80],"capInsets":[0,0,0,0]}},{"__type__":"cc.SpriteAtlas","_name":"moto2.plist","_spriteFrames":{"moto_01":{"__uuid__":"17zEvw4WhJYbkxap90HlTO"},"moto_02":{"__uuid__":"7bvqt+mSZG9por/CegxX5I"},"moto_03":{"__uuid__":"37hog8FMtB3rHN3+Idvq4j"},"moto_04":{"__uuid__":"c5qZK+VFpF97CPHOCRECr6"},"moto_05":{"__uuid__":"1aYct401RHtZmq5JCQnNhS"},"moto_06":{"__uuid__":"eakqm1kU5HdoTjzeCpTe+V"},"moto_07":{"__uuid__":"64JROHfN1Db5EdfZXQMbAa"},"moto_08":{"__uuid__":"b7xVe5tvZEgqOUQm9NZz7r"},"moto_09":{"__uuid__":"a186N+QY1GwZ2yXIoHKsSM"},"moto_10":{"__uuid__":"a1wcdRi0lOTJrP3dW+eXIr"},"moto_100":{"__uuid__":"ffM1AYTMxIp7qKzRldPneM"},"moto_101":{"__uuid__":"7bQp7KNzZHkYu0buv7VLaN"},"moto_102":{"__uuid__":"b3uIRRMlZLFJn6a4jUIlUH"},"moto_103":{"__uuid__":"03OCKEarNF4aAuJ11t1Lp3"},"moto_104":{"__uuid__":"2eQ6I+e2hL9JIUxaol3UiT"},"moto_105":{"__uuid__":"4e3ksTaSpARromt9H8O+x2"},"moto_106":{"__uuid__":"eePLgtJG5N2LPv0Bhw/ylv"},"moto_107":{"__uuid__":"92M1UY8e9KKJxZSNHT6QPg"},"moto_108":{"__uuid__":"b1+zliwfJGRoJQSx2LnkLB"},"moto_109":{"__uuid__":"bdgkZGIJRLIpVw28jujOep"},"moto_11":{"__uuid__":"53QcWQTOpEI5ETXukhYUMf"},"moto_110":{"__uuid__":"1a8EdqdYNIVpePhPSmzkzJ"},"moto_111":{"__uuid__":"88++ZK8AJEgqCjTdaSNU4Z"},"moto_112":{"__uuid__":"1fDqU5txVELbRfbnNHeknq"},"moto_113":{"__uuid__":"d5OAFLs41LJalmSt6U9iSB"},"moto_114":{"__uuid__":"b6CK2/RXNMKrzL1XxkigW4"},"moto_115":{"__uuid__":"bcPhCFDd1OyJKb3Tf1SlVn"},"moto_116":{"__uuid__":"63DJ9ykK1OaKahIIvJ8qmB"},"moto_117":{"__uuid__":"e3njbGeChDTK+5oG5sGlXj"},"moto_118":{"__uuid__":"77ZLU0EfxJQbdPoQB172Os"},"moto_119":{"__uuid__":"a6vSq5mLNNhrh2zz3iDCWH"},"moto_12":{"__uuid__":"e67s3BsyBFf5nKK8p+SgBV"},"moto_120":{"__uuid__":"de//5d5zhGHZy9HwscAkDE"},"moto_121":{"__uuid__":"cfIA2AnAlEzoYB6HKQrWa1"},"moto_122":{"__uuid__":"cfdzVlD8xDoI7JhJdei7ju"},"moto_123":{"__uuid__":"04IGUPT7RAXIrx56jtp5XE"},"moto_124":{"__uuid__":"cb1CjHWvFLh7fMPkmxRpqz"},"moto_125":{"__uuid__":"6f2e1vSHJJ3Lf64r7r6rcF"},"moto_126":{"__uuid__":"2c9NXcVrFFfaiGwLDrNijk"},"moto_127":{"__uuid__":"baB9fADYtJEL/vt6KYu2U/"},"moto_128":{"__uuid__":"b7saRQH/1BVYMB9RwS41NP"},"moto_129":{"__uuid__":"72mCFtoG9OeLIbcF6x7kOm"},"moto_13":{"__uuid__":"8flNnHlPZGQaNTN6DpD8yN"},"moto_130":{"__uuid__":"29e/kzfMZCTqDVjGuFiNrm"},"moto_131":{"__uuid__":"e8co4QrvZKDaWofQy0nB4p"},"moto_132":{"__uuid__":"edEIjuicNIDohk24px4JE5"},"moto_133":{"__uuid__":"d0f8sfPHVPX5Myk48adqBC"},"moto_134":{"__uuid__":"5eh4K5nk9EJqnzdYQZRqGN"},"moto_135":{"__uuid__":"ecnjQzYz1IoJausQRmF8nQ"},"moto_136":{"__uuid__":"99YOa41pJLpK4nUyUAztqM"},"moto_137":{"__uuid__":"aamncz13pEQptBj8lSOuVt"},"moto_138":{"__uuid__":"41qu537GBKuK153iEvDvtw"},"moto_139":{"__uuid__":"84wYOGkx1Nm6rn2fuJ9JJW"},"moto_14":{"__uuid__":"9ftjx6UA1GsayKrnKmKirw"},"moto_140":{"__uuid__":"abLgmIDsZBCYJ5gsSra2ed"},"moto_141":{"__uuid__":"22idRBB0hAbJE+aULR+vZ2"},"moto_142":{"__uuid__":"5bv2gR5WtJhoH52CY3eAlZ"},"moto_143":{"__uuid__":"d89UtVxI9DO6YzuT5HuVbB"},"moto_144":{"__uuid__":"96YeXyDFdIbK9MMin0tEKp"},"moto_145":{"__uuid__":"37eyaw69tLgbDF0XtatOGQ"},"moto_146":{"__uuid__":"307hfuGdtIeo6VT7wLPcWU"},"moto_147":{"__uuid__":"207Jf1zVlNd5pgToGnjjSm"},"moto_148":{"__uuid__":"45ukRkLYVEu7RQHtyM/iQP"},"moto_149":{"__uuid__":"69PTUE6jdE0Kxq8bYo0+Jc"},"moto_15":{"__uuid__":"1aQot9cfZF6bjCPbCUuKqP"},"moto_150":{"__uuid__":"7fRVwALoFG943GZjvASjXV"},"moto_151":{"__uuid__":"114phY229I7JoftStVeV5v"},"moto_152":{"__uuid__":"c104wG7n9OzqkZ6d7ujUg1"},"moto_153":{"__uuid__":"9blsJoinRA6b22kKRg9LT6"},"moto_154":{"__uuid__":"a7srOXNGFILITbP1i9fvE4"},"moto_155":{"__uuid__":"c9rlRzOcFLPo4UhgsmHI7t"},"moto_16":{"__uuid__":"19/c9tKJxNzrmczLvmZvNF"},"moto_17":{"__uuid__":"34TxXLVydJo4Rk5Z2AJKl6"},"moto_18":{"__uuid__":"9fYSy3Y/tOWLyr7Et6Zu+9"},"moto_19":{"__uuid__":"8fzUnVvPlEWa2aqpigsfeO"},"moto_20":{"__uuid__":"52vAbZk6lOzZW2KaMXJGN+"},"moto_21":{"__uuid__":"39vHVN4aFDmZxGvvCj7uqC"},"moto_22":{"__uuid__":"224dcs+bdN9rVn7HS/iQ1P"},"moto_23":{"__uuid__":"ddDQclPG5E14IxtyqSwbkI"},"moto_24":{"__uuid__":"22/Q6Ju0xAVJL2dJsjTYsK"},"moto_25":{"__uuid__":"6cg7BjxTZKoYmCPYCZEE8C"},"moto_26":{"__uuid__":"2eywaFXIdO94FnhD1Prqee"},"moto_27":{"__uuid__":"0fy34632JN56oWOlPxWxgC"},"moto_28":{"__uuid__":"a4MrlZTINM74jssTMB7LR5"},"moto_29":{"__uuid__":"35pJG0PWpH3axKdi7NonRr"},"moto_30":{"__uuid__":"afAcIY6kVI+IoaixlzSP1D"},"moto_31":{"__uuid__":"84I4mCRpNJR6qEVYjw6Onj"},"moto_32":{"__uuid__":"b9BbMIaEdB85U38bvfDG89"},"moto_33":{"__uuid__":"18wz8K5RBAPa6SgjZGWGyd"},"moto_34":{"__uuid__":"70mGxjD99J+qpeW9s61oq0"},"moto_35":{"__uuid__":"c9ot+dyhlPuKENFvv2Eec/"},"moto_36":{"__uuid__":"8cjtQ9i0VNx74iKdFJ12zU"},"moto_37":{"__uuid__":"73To/3DllGAKALnUZKUGZP"},"moto_38":{"__uuid__":"18AFDXiRJOf4osr0crklBb"},"moto_39":{"__uuid__":"09nb4wFYZCgIRAD+X0e/hq"},"moto_40":{"__uuid__":"d49qR9MCpL5qCaXSrzOImn"},"moto_41":{"__uuid__":"0bDsP4+qtLhLFwJftFl0g8"},"moto_42":{"__uuid__":"6ad/FER2lJoq6QATXJIKpn"},"moto_43":{"__uuid__":"b0UC3+K0VMTYvQ0QyMOKdS"},"moto_44":{"__uuid__":"bdIl+jspdDvY/wNGgxbUdo"},"moto_45":{"__uuid__":"13LvN6Df5Lcb/XfLLP70UJ"},"moto_46":{"__uuid__":"14pHfr4F1GoZ9RvvMnNqd7"},"moto_47":{"__uuid__":"19lTThNUJOYYuWNvrJhEYx"},"moto_48":{"__uuid__":"0bw+/VvZxAFZ5N+YRpSY0O"},"moto_49":{"__uuid__":"8dQtDZ11pL0auxXsQGBAJs"},"moto_50":{"__uuid__":"f7gR04LYhMV4xwOrhBfTXf"},"moto_51":{"__uuid__":"befkfXn+VD0rW95dPlrfsS"},"moto_52":{"__uuid__":"baLUSXfEhC2bnO4WM65Uho"},"moto_53":{"__uuid__":"dclh6tXkBFCoZ3BmVXDz59"},"moto_54":{"__uuid__":"d0Mm7iNKVGx6tMtgQ10PXQ"},"moto_55":{"__uuid__":"c8uu7JTLZJ3p4U8ozIXkl4"},"moto_56":{"__uuid__":"0f1S0cs4JEaooaVSLlr0OA"},"moto_57":{"__uuid__":"8fyG7hO19Ja4QsyQZEe/SF"},"moto_58":{"__uuid__":"51xHdq/cBFb7axX5m/vLqW"},"moto_59":{"__uuid__":"67zhhtQNhANpWM+BoR2bjn"},"moto_60":{"__uuid__":"1c7rX/OQhF5JlImCE/jteL"},"moto_61":{"__uuid__":"a8IeWTzxtCzpsy4mgMAz/Y"},"moto_62":{"__uuid__":"346SGY7htOYb7tcLF4Y0PL"},"moto_63":{"__uuid__":"4576sArpxLsIG7QG11922F"},"moto_64":{"__uuid__":"8afwAFkEhLa7ey41QGSTpK"},"moto_65":{"__uuid__":"83ZGzcbS9OmKOWv6CMBBBF"},"moto_66":{"__uuid__":"4d4Xa3GpBDFq40Gqzc7sIw"},"moto_67":{"__uuid__":"a2VfGo1pNABbJ5IHkNrJQc"},"moto_68":{"__uuid__":"68O2Tu3z5FAJDgvxH4eoGI"},"moto_69":{"__uuid__":"b4PFvYmKROO5cNK34mWvQI"},"moto_70":{"__uuid__":"31RvQQdUdLObNepqAezKuf"},"moto_71":{"__uuid__":"5fFh5aW5pLXL5jmTIC5QaG"},"moto_72":{"__uuid__":"6fQ9L/p3NJTLDZ0bcHLlvQ"},"moto_73":{"__uuid__":"f8MsLO4MJLCbvSvTi7GE4z"},"moto_74":{"__uuid__":"52CyKcKlpKmpNBihSXEtca"},"moto_75":{"__uuid__":"36v1bd9pxMJ5zJEEM2GwSv"},"moto_76":{"__uuid__":"23dNOtXFtIH7BJV2nH8ON5"},"moto_77":{"__uuid__":"92pIFfMMxERLdzsX4/jdK0"},"moto_78":{"__uuid__":"bfDvFa1ANLYLDRV3sTP5hX"},"moto_79":{"__uuid__":"57hRn/vTNHiYtCk9ibM+dO"},"moto_80":{"__uuid__":"12nHD6KYdOga8qHDYR+xVo"},"moto_81":{"__uuid__":"32XecNQjlOM6vytiv539mF"},"moto_82":{"__uuid__":"fbcKN4OWhGGbm39FwrznCP"},"moto_83":{"__uuid__":"45Eff0tXxAG5/KZY/2jBTc"},"moto_84":{"__uuid__":"2a3xDNI0RD8ZmPYG16BltM"},"moto_85":{"__uuid__":"feKfzMxfZJ2bWNufdZBaqy"},"moto_86":{"__uuid__":"52TAFpmq9B+Ly9IXzvN7aU"},"moto_87":{"__uuid__":"a0cMwq1MNDwY8j9CF+553t"},"moto_88":{"__uuid__":"61nYo620VPSLUh8lvnNqdF"},"moto_89":{"__uuid__":"7aRrKamzFGMqv706SNcJ/G"},"moto_90":{"__uuid__":"43afdo2K1EZKqvYn9PX2qz"},"moto_91":{"__uuid__":"58uVvfmelH/rV/Myc3Y/Ys"},"moto_92":{"__uuid__":"b3kqkTe2RMRKWHTxPwHd5I"},"moto_93":{"__uuid__":"607Y9NR6NDFoJZ9uz1cM1I"},"moto_94":{"__uuid__":"64AEJYnlFDh4e564u9rjjX"},"moto_95":{"__uuid__":"6e6AD0YahFBJJOb6raUn7c"},"moto_96":{"__uuid__":"63UF6CzNZFzZLdPtCbUWzL"},"moto_97":{"__uuid__":"70+odeS7VPda9DC4DFuSjm"},"moto_98":{"__uuid__":"144zo4LsVAu63+JIlegCi5"},"moto_99":{"__uuid__":"f818x82/RJapA7m+Qnfd+m"}}},{"__type__":"cc.SpriteFrame","content":{"name":"moto_89","texture":"b0uCO0VM1MdYM0oIzS+UhQ","rect":[2,216,64,52],"offset":[26,-4],"originalSize":[170,80],"capInsets":[0,0,0,0]}},{"__type__":"cc.SpriteFrame","content":{"name":"moto_101","texture":"b0uCO0VM1MdYM0oIzS+UhQ","rect":[110,430,52,50],"offset":[-22,-5],"originalSize":[170,80],"capInsets":[0,0,0,0]}},{"__type__":"cc.SpriteFrame","content":{"name":"moto_02","texture":"b0uCO0VM1MdYM0oIzS+UhQ","rect":[206,164,64,52],"offset":[-25,-3],"originalSize":[170,80],"capInsets":[0,0,0,0]}},{"__type__":"cc.SpriteFrame","content":{"name":"moto_150","texture":"b0uCO0VM1MdYM0oIzS+UhQ","rect":[72,164,66,52],"offset":[28,-4],"originalSize":[170,80],"capInsets":[0,0,0,0]}},{"__type__":"cc.SpriteFrame","content":{"name":"moto_65","texture":"b0uCO0VM1MdYM0oIzS+UhQ","rect":[250,320,58,52],"offset":[-22,-3],"originalSize":[170,80],"capInsets":[0,0,0,0]}},{"__type__":"cc.SpriteFrame","content":{"name":"moto_31","texture":"b0uCO0VM1MdYM0oIzS+UhQ","rect":[348,56,78,52],"offset":[-33,-4],"originalSize":[170,80],"capInsets":[0,0,0,0]}},{"__type__":"cc.SpriteFrame","content":{"name":"moto_139","texture":"b0uCO0VM1MdYM0oIzS+UhQ","rect":[106,742,32,50],"offset":[6,-4],"originalSize":[170,80],"rotated":1,"capInsets":[0,0,0,0]}},{"__type__":"cc.SpriteFrame","content":{"name":"moto_111","texture":"b0uCO0VM1MdYM0oIzS+UhQ","rect":[54,776,32,50],"offset":[1,-4],"originalSize":[170,80],"rotated":1,"capInsets":[0,0,0,0]}},{"__type__":"cc.SpriteFrame","content":{"name":"moto_64","texture":"b0uCO0VM1MdYM0oIzS+UhQ","rect":[2,270,60,52],"offset":[-23,-3],"originalSize":[170,80],"capInsets":[0,0,0,0]}},{"__type__":"cc.SpriteFrame","content":{"name":"moto_36","texture":"b0uCO0VM1MdYM0oIzS+UhQ","rect":[180,324,56,52],"offset":[-23,-4],"originalSize":[170,80],"capInsets":[0,0,0,0]}},{"__type__":"cc.SpriteFrame","content":{"name":"moto_49","texture":"b0uCO0VM1MdYM0oIzS+UhQ","rect":[262,762,32,50],"offset":[4,-4],"originalSize":[170,80],"rotated":1,"capInsets":[0,0,0,0]}},{"__type__":"cc.SpriteFrame","content":{"name":"moto_13","texture":"b0uCO0VM1MdYM0oIzS+UhQ","rect":[380,566,32,52],"offset":[-5,-3],"originalSize":[170,80],"rotated":1,"capInsets":[0,0,0,0]}},{"__type__":"cc.SpriteFrame","content":{"name":"moto_57","texture":"b0uCO0VM1MdYM0oIzS+UhQ","rect":[118,378,54,50],"offset":[19,-4],"originalSize":[170,80],"capInsets":[0,0,0,0]}},{"__type__":"cc.SpriteFrame","content":{"name":"moto_19","texture":"b0uCO0VM1MdYM0oIzS+UhQ","rect":[434,534,32,52],"offset":[11,-3],"originalSize":[170,80],"rotated":1,"capInsets":[0,0,0,0]}},{"__type__":"cc.SpriteFrame","content":{"name":"moto_107","texture":"b0uCO0VM1MdYM0oIzS+UhQ","rect":[210,814,32,50],"offset":[-9,-4],"originalSize":[170,80],"rotated":1,"capInsets":[0,0,0,0]}},{"__type__":"cc.SpriteFrame","content":{"name":"moto_77","texture":"b0uCO0VM1MdYM0oIzS+UhQ","rect":[2,812,30,50],"offset":[3,-4],"originalSize":[170,80],"rotated":1,"capInsets":[0,0,0,0]}},{"__type__":"cc.SpriteFrame","content":{"name":"moto_144","texture":"b0uCO0VM1MdYM0oIzS+UhQ","rect":[56,528,42,52],"offset":[16,-4],"originalSize":[170,80],"rotated":1,"capInsets":[0,0,0,0]}},{"__type__":"cc.SpriteFrame","content":{"name":"moto_136","texture":"b0uCO0VM1MdYM0oIzS+UhQ","rect":[210,780,32,50],"offset":[-2,-4],"originalSize":[170,80],"rotated":1,"capInsets":[0,0,0,0]}},{"__type__":"cc.SpriteFrame","content":{"name":"moto_153","texture":"b0uCO0VM1MdYM0oIzS+UhQ","rect":[352,2,80,52],"offset":[35,-5],"originalSize":[170,80],"capInsets":[0,0,0,0]}},{"__type__":"cc.SpriteFrame","content":{"name":"moto_18","texture":"b0uCO0VM1MdYM0oIzS+UhQ","rect":[434,568,30,52],"offset":[9,-3],"originalSize":[170,80],"rotated":1,"capInsets":[0,0,0,0]}},{"__type__":"cc.SpriteFrame","content":{"name":"moto_14","texture":"b0uCO0VM1MdYM0oIzS+UhQ","rect":[272,600,30,52],"offset":[-3,-3],"originalSize":[170,80],"rotated":1,"capInsets":[0,0,0,0]}},{"__type__":"cc.SpriteFrame","content":{"name":"moto_87","texture":"b0uCO0VM1MdYM0oIzS+UhQ","rect":[122,324,56,52],"offset":[22,-4],"originalSize":[170,80],"capInsets":[0,0,0,0]}},{"__type__":"cc.SpriteFrame","content":{"name":"moto_10","texture":"b0uCO0VM1MdYM0oIzS+UhQ","rect":[470,216,40,52],"offset":[-11,-3],"originalSize":[170,80],"capInsets":[0,0,0,0]}},{"__type__":"cc.SpriteFrame","content":{"name":"moto_09","texture":"b0uCO0VM1MdYM0oIzS+UhQ","rect":[2,530,42,52],"offset":[-13,-3],"originalSize":[170,80],"rotated":1,"capInsets":[0,0,0,0]}},{"__type__":"cc.SpriteFrame","content":{"name":"moto_67","texture":"b0uCO0VM1MdYM0oIzS+UhQ","rect":[164,430,50,52],"offset":[-18,-3],"originalSize":[170,80],"rotated":1,"capInsets":[0,0,0,0]}},{"__type__":"cc.SpriteFrame","content":{"name":"moto_28","texture":"b0uCO0VM1MdYM0oIzS+UhQ","rect":[338,266,62,52],"offset":[25,-3],"originalSize":[170,80],"capInsets":[0,0,0,0]}},{"__type__":"cc.SpriteFrame","content":{"name":"moto_119","texture":"b0uCO0VM1MdYM0oIzS+UhQ","rect":[56,430,52,50],"offset":[16,-4],"originalSize":[170,80],"capInsets":[0,0,0,0]}},{"__type__":"cc.SpriteFrame","content":{"name":"moto_154","texture":"b0uCO0VM1MdYM0oIzS+UhQ","rect":[180,2,86,52],"offset":[36,-5],"originalSize":[170,80],"capInsets":[0,0,0,0]}},{"__type__":"cc.SpriteFrame","content":{"name":"moto_61","texture":"b0uCO0VM1MdYM0oIzS+UhQ","rect":[358,162,68,50],"offset":[26,-4],"originalSize":[170,80],"capInsets":[0,0,0,0]}},{"__type__":"cc.SpriteFrame","content":{"name":"moto_137","texture":"b0uCO0VM1MdYM0oIzS+UhQ","rect":[158,774,32,50],"offset":[1,-4],"originalSize":[170,80],"rotated":1,"capInsets":[0,0,0,0]}},{"__type__":"cc.SpriteFrame","content":{"name":"moto_140","texture":"b0uCO0VM1MdYM0oIzS+UhQ","rect":[2,744,32,50],"offset":[9,-4],"originalSize":[170,80],"rotated":1,"capInsets":[0,0,0,0]}},{"__type__":"cc.SpriteFrame","content":{"name":"moto_30","texture":"b0uCO0VM1MdYM0oIzS+UhQ","rect":[78,56,72,52],"offset":[28,-4],"originalSize":[170,80],"capInsets":[0,0,0,0]}},{"__type__":"cc.SpriteFrame","content":{"name":"moto_43","texture":"b0uCO0VM1MdYM0oIzS+UhQ","rect":[422,766,36,50],"offset":[-10,-4],"originalSize":[170,80],"rotated":1,"capInsets":[0,0,0,0]}},{"__type__":"cc.SpriteFrame","content":{"name":"moto_108","texture":"b0uCO0VM1MdYM0oIzS+UhQ","rect":[158,808,32,50],"offset":[-7,-4],"originalSize":[170,80],"rotated":1,"capInsets":[0,0,0,0]}},{"__type__":"cc.SpriteFrame","content":{"name":"moto_92","texture":"b0uCO0VM1MdYM0oIzS+UhQ","rect":[268,54,78,54],"offset":[32,-4],"originalSize":[170,80],"capInsets":[0,0,0,0]}},{"__type__":"cc.SpriteFrame","content":{"name":"moto_102","texture":"b0uCO0VM1MdYM0oIzS+UhQ","rect":[162,658,46,50],"offset":[-19,-5],"originalSize":[170,80],"rotated":1,"capInsets":[0,0,0,0]}},{"__type__":"cc.SpriteFrame","content":{"name":"moto_69","texture":"b0uCO0VM1MdYM0oIzS+UhQ","rect":[56,482,44,52],"offset":[-14,-3],"originalSize":[170,80],"rotated":1,"capInsets":[0,0,0,0]}},{"__type__":"cc.SpriteFrame","content":{"name":"moto_114","texture":"b0uCO0VM1MdYM0oIzS+UhQ","rect":[370,728,38,50],"offset":[8,-4],"originalSize":[170,80],"rotated":1,"capInsets":[0,0,0,0]}},{"__type__":"cc.SpriteFrame","content":{"name":"moto_128","texture":"b0uCO0VM1MdYM0oIzS+UhQ","rect":[2,430,52,50],"offset":[-17,-4],"originalSize":[170,80],"capInsets":[0,0,0,0]}},{"__type__":"cc.SpriteFrame","content":{"name":"moto_08","texture":"b0uCO0VM1MdYM0oIzS+UhQ","rect":[110,482,44,52],"offset":[-15,-3],"originalSize":[170,80],"rotated":1,"capInsets":[0,0,0,0]}},{"__type__":"cc.SpriteFrame","content":{"name":"moto_32","texture":"b0uCO0VM1MdYM0oIzS+UhQ","rect":[2,56,74,52],"offset":[-31,-4],"originalSize":[170,80],"capInsets":[0,0,0,0]}},{"__type__":"cc.SpriteFrame","content":{"name":"moto_127","texture":"b0uCO0VM1MdYM0oIzS+UhQ","rect":[174,378,54,50],"offset":[-18,-4],"originalSize":[170,80],"capInsets":[0,0,0,0]}},{"__type__":"cc.SpriteFrame","content":{"name":"moto_52","texture":"b0uCO0VM1MdYM0oIzS+UhQ","rect":[266,722,38,50],"offset":[11,-4],"originalSize":[170,80],"rotated":1,"capInsets":[0,0,0,0]}},{"__type__":"cc.SpriteFrame","content":{"name":"moto_115","texture":"b0uCO0VM1MdYM0oIzS+UhQ","rect":[430,644,40,50],"offset":[10,-4],"originalSize":[170,80],"rotated":1,"capInsets":[0,0,0,0]}},{"__type__":"cc.SpriteFrame","content":{"name":"moto_44","texture":"b0uCO0VM1MdYM0oIzS+UhQ","rect":[370,768,34,50],"offset":[-8,-4],"originalSize":[170,80],"rotated":1,"capInsets":[0,0,0,0]}},{"__type__":"cc.SpriteFrame","content":{"name":"moto_109","texture":"b0uCO0VM1MdYM0oIzS+UhQ","rect":[106,776,32,50],"offset":[-5,-4],"originalSize":[170,80],"rotated":1,"capInsets":[0,0,0,0]}},{"__type__":"cc.SpriteFrame","content":{"name":"moto_51","texture":"b0uCO0VM1MdYM0oIzS+UhQ","rect":[476,738,34,50],"offset":[9,-4],"originalSize":[170,80],"capInsets":[0,0,0,0]}},{"__type__":"cc.SpriteFrame","content":{"name":"moto_78","texture":"b0uCO0VM1MdYM0oIzS+UhQ","rect":[54,810,30,50],"offset":[6,-4],"originalSize":[170,80],"rotated":1,"capInsets":[0,0,0,0]}},{"__type__":"cc.SpriteFrame","content":{"name":"moto_152","texture":"b0uCO0VM1MdYM0oIzS+UhQ","rect":[434,2,76,52],"offset":[32,-4],"originalSize":[170,80],"capInsets":[0,0,0,0]}},{"__type__":"cc.SpriteFrame","content":{"name":"moto_04","texture":"b0uCO0VM1MdYM0oIzS+UhQ","rect":[60,376,56,52],"offset":[-22,-3],"originalSize":[170,80],"capInsets":[0,0,0,0]}},{"__type__":"cc.SpriteFrame","content":{"name":"moto_55","texture":"b0uCO0VM1MdYM0oIzS+UhQ","rect":[54,612,46,50],"offset":[16,-4],"originalSize":[170,80],"rotated":1,"capInsets":[0,0,0,0]}},{"__type__":"cc.SpriteFrame","content":{"name":"moto_35","texture":"b0uCO0VM1MdYM0oIzS+UhQ","rect":[130,218,60,52],"offset":[-25,-4],"originalSize":[170,80],"capInsets":[0,0,0,0]}},{"__type__":"cc.SpriteFrame","content":{"name":"moto_155","texture":"b0uCO0VM1MdYM0oIzS+UhQ","rect":[92,2,86,52],"offset":[36,-5],"originalSize":[170,80],"capInsets":[0,0,0,0]}},{"__type__":"cc.SpriteFrame","content":{"name":"moto_124","texture":"b0uCO0VM1MdYM0oIzS+UhQ","rect":[272,216,64,50],"offset":[-24,-4],"originalSize":[170,80],"capInsets":[0,0,0,0]}},{"__type__":"cc.SpriteFrame","content":{"name":"moto_121","texture":"b0uCO0VM1MdYM0oIzS+UhQ","rect":[62,324,58,50],"offset":[20,-4],"originalSize":[170,80],"capInsets":[0,0,0,0]}},{"__type__":"cc.SpriteFrame","content":{"name":"moto_122","texture":"b0uCO0VM1MdYM0oIzS+UhQ","rect":[188,272,60,50],"offset":[22,-4],"originalSize":[170,80],"capInsets":[0,0,0,0]}},{"__type__":"cc.SpriteFrame","content":{"name":"moto_54","texture":"b0uCO0VM1MdYM0oIzS+UhQ","rect":[214,658,44,50],"offset":[14,-4],"originalSize":[170,80],"rotated":1,"capInsets":[0,0,0,0]}},{"__type__":"cc.SpriteFrame","content":{"name":"moto_133","texture":"b0uCO0VM1MdYM0oIzS+UhQ","rect":[424,726,38,50],"offset":[-8,-4],"originalSize":[170,80],"rotated":1,"capInsets":[0,0,0,0]}},{"__type__":"cc.SpriteFrame","content":{"name":"moto_40","texture":"b0uCO0VM1MdYM0oIzS+UhQ","rect":[378,600,42,50],"offset":[-15,-4],"originalSize":[170,80],"rotated":1,"capInsets":[0,0,0,0]}},{"__type__":"cc.SpriteFrame","content":{"name":"moto_113","texture":"b0uCO0VM1MdYM0oIzS+UhQ","rect":[2,708,34,50],"offset":[6,-4],"originalSize":[170,80],"rotated":1,"capInsets":[0,0,0,0]}},{"__type__":"cc.SpriteFrame","content":{"name":"moto_143","texture":"b0uCO0VM1MdYM0oIzS+UhQ","rect":[110,568,38,52],"offset":[15,-4],"originalSize":[170,80],"rotated":1,"capInsets":[0,0,0,0]}},{"__type__":"cc.SpriteFrame","content":{"name":"moto_53","texture":"b0uCO0VM1MdYM0oIzS+UhQ","rect":[320,648,40,50],"offset":[13,-4],"originalSize":[170,80],"rotated":1,"capInsets":[0,0,0,0]}},{"__type__":"cc.SpriteFrame","content":{"name":"moto_23","texture":"b0uCO0VM1MdYM0oIzS+UhQ","rect":[380,484,46,52],"offset":[16,-3],"originalSize":[170,80],"rotated":1,"capInsets":[0,0,0,0]}},{"__type__":"cc.SpriteFrame","content":{"name":"moto_120","texture":"b0uCO0VM1MdYM0oIzS+UhQ","rect":[230,426,54,50],"offset":[18,-4],"originalSize":[170,80],"capInsets":[0,0,0,0]}},{"__type__":"cc.SpriteFrame","content":{"name":"moto_117","texture":"b0uCO0VM1MdYM0oIzS+UhQ","rect":[268,632,46,50],"offset":[13,-4],"originalSize":[170,80],"rotated":1,"capInsets":[0,0,0,0]}},{"__type__":"cc.SpriteFrame","content":{"name":"moto_12","texture":"b0uCO0VM1MdYM0oIzS+UhQ","rect":[326,532,34,52],"offset":[-7,-3],"originalSize":[170,80],"rotated":1,"capInsets":[0,0,0,0]}},{"__type__":"cc.SpriteFrame","content":{"name":"moto_131","texture":"b0uCO0VM1MdYM0oIzS+UhQ","rect":[2,662,44,50],"offset":[-12,-4],"originalSize":[170,80],"rotated":1,"capInsets":[0,0,0,0]}},{"__type__":"cc.SpriteFrame","content":{"name":"moto_06","texture":"b0uCO0VM1MdYM0oIzS+UhQ","rect":[272,480,50,52],"offset":[-19,-3],"originalSize":[170,80],"rotated":1,"capInsets":[0,0,0,0]}},{"__type__":"cc.SpriteFrame","content":{"name":"moto_135","texture":"b0uCO0VM1MdYM0oIzS+UhQ","rect":[54,706,34,50],"offset":[-4,-4],"originalSize":[170,80],"rotated":1,"capInsets":[0,0,0,0]}},{"__type__":"cc.SpriteFrame","content":{"name":"moto_132","texture":"b0uCO0VM1MdYM0oIzS+UhQ","rect":[214,704,40,50],"offset":[-10,-4],"originalSize":[170,80],"rotated":1,"capInsets":[0,0,0,0]}},{"__type__":"cc.SpriteFrame","content":{"name":"moto_106","texture":"b0uCO0VM1MdYM0oIzS+UhQ","rect":[106,706,34,50],"offset":[-11,-4],"originalSize":[170,80],"rotated":1,"capInsets":[0,0,0,0]}},{"__type__":"cc.SpriteFrame","content":{"name":"moto_50","texture":"b0uCO0VM1MdYM0oIzS+UhQ","rect":[210,746,32,50],"offset":[7,-4],"originalSize":[170,80],"rotated":1,"capInsets":[0,0,0,0]}},{"__type__":"cc.SpriteFrame","content":{"name":"moto_73","texture":"b0uCO0VM1MdYM0oIzS+UhQ","rect":[476,686,34,50],"offset":[-6,-4],"originalSize":[170,80],"capInsets":[0,0,0,0]}},{"__type__":"cc.SpriteFrame","content":{"name":"moto_99","texture":"b0uCO0VM1MdYM0oIzS+UhQ","rect":[254,268,60,50],"offset":[-26,-5],"originalSize":[170,80],"capInsets":[0,0,0,0]}},{"__type__":"cc.SpriteFrame","content":{"name":"moto_82","texture":"b0uCO0VM1MdYM0oIzS+UhQ","rect":[110,528,38,52],"offset":[14,-3],"originalSize":[170,80],"rotated":1,"capInsets":[0,0,0,0]}},{"__type__":"cc.SpriteFrame","content":{"name":"moto_85","texture":"b0uCO0VM1MdYM0oIzS+UhQ","rect":[462,324,48,52],"offset":[18,-3],"originalSize":[170,80],"capInsets":[0,0,0,0]}},{"__type__":"cc.SpriteFrame","content":{"name":"moto_100","texture":"b0uCO0VM1MdYM0oIzS+UhQ","rect":[296,374,56,50],"offset":[-24,-5],"originalSize":[170,80],"capInsets":[0,0,0,0]}}]