[[{"__type__":"cc.SceneAsset","_name":"LoadingScene","scene":{"__id__":1},"asyncLoadAssets":null},{"__type__":"cc.Scene","_name":"New Node","_children":[{"__id__":2},{"__id__":3},{"__id__":5}],"_active":false,"_anchorPoint":{"__type__":"cc.Vec2"},"_trs":{"__type__":"TypedArray","ctor":"Float64Array","array":[0,0,0,0,0,0,1,1,1,1]},"autoReleaseAssets":false},{"__type__":"cc.Node","_name":"SceneCenter","_parent":{"__id__":1},"_components":[{"__type__":"c6254PqwQ1M4LXbxkKGEDSq","node":{"__id__":2}}],"_trs":{"__type__":"TypedArray","ctor":"Float64Array","array":[0,0,0,0,0,0,1,1,1,1]},"_id":"behBkgj0pNj5pYWcJ27YDG"},{"__type__":"cc.Node","_name":"Canvas","_parent":{"__id__":1},"_children":[{"__id__":4}],"_components":[{"__type__":"cc.Canvas","node":{"__id__":3},"_designResolution":{"__type__":"cc.Size","width":750,"height":1334},"_fitWidth":true,"_fitHeight":false},{"__type__":"cc.Widget","node":{"__id__":3},"_alignFlags":45}],"_contentSize":{"__type__":"cc.Size","width":750,"height":1334},"_trs":{"__type__":"TypedArray","ctor":"Float64Array","array":[375,667,0,0,0,0,1,1,1,1]},"_id":"7brGImFxJN+pVbKVraV05k"},{"__type__":"cc.Node","_name":"Main Camera","_parent":{"__id__":3},"_components":[{"__type__":"cc.Camera","node":{"__id__":4},"_clearFlags":7,"_depth":-1}],"_trs":{"__type__":"TypedArray","ctor":"Float64Array","array":[0,0,523.9453692895854,0,0,0,1,1,1,1]}},{"__type__":"cc.Node","_name":"Loading","_parent":{"__id__":1},"_children":[{"__id__":6},{"__id__":7},{"__id__":8},{"__id__":17}],"_components":[{"__type__":"ddcbddgz4pEWodhEahzuXwc","node":{"__id__":5},"preloadScene":"InitScene","progressBar":{"__id__":14}},{"__type__":"cc.Widget","node":{"__id__":5},"_alignFlags":45}],"_contentSize":{"__type__":"cc.Size","width":750,"height":1334},"_trs":{"__type__":"TypedArray","ctor":"Float64Array","array":[375,667,0,0,0,0,1,1,1,1]},"_id":"0eDmtPDDdNxIZKYVSgHgHH"},{"__type__":"cc.Node","_name":"bg","_parent":{"__id__":5},"_components":[{"__type__":"cc.Sprite","node":{"__id__":6},"_materials":[{"__uuid__":"ecpdLyjvZBwrvm+cedCcQy"}],"_spriteFrame":{"__uuid__":"0d1mSgU61HKo1B90ixqM+0"},"_sizeMode":2}],"_contentSize":{"__type__":"cc.Size","width":750,"height":1800},"_trs":{"__type__":"TypedArray","ctor":"Float64Array","array":[0,0,0,0,0,0,1,1,1,1]}},{"__type__":"cc.Node","_name":"logo","_parent":{"__id__":5},"_components":[{"__type__":"cc.Sprite","node":{"__id__":7},"_materials":[{"__uuid__":"ecpdLyjvZBwrvm+cedCcQy"}],"_sizeMode":2},{"__type__":"cc.Widget","node":{"__id__":7},"_alignFlags":17,"_top":107}],"_contentSize":{"__type__":"cc.Size","width":617,"height":350},"_trs":{"__type__":"TypedArray","ctor":"Float64Array","array":[0,385,0,0,0,0,1,1,1,1]}},{"__type__":"cc.Node","_name":"bottom","_parent":{"__id__":5},"_children":[{"__id__":9},{"__id__":15},{"__id__":16}],"_components":[{"__type__":"cc.Widget","node":{"__id__":8},"_alignFlags":4}],"_contentSize":{"__type__":"cc.Size","width":627,"height":219.5},"_anchorPoint":{"__type__":"cc.Vec2","x":0.49},"_trs":{"__type__":"TypedArray","ctor":"Float64Array","array":[0,-667,0,0,0,0,1,1,1,1]}},{"__type__":"cc.Node","_name":"progressBar","_parent":{"__id__":8},"_children":[{"__id__":10},{"__id__":11},{"__id__":13}],"_components":[{"__id__":14}],"_contentSize":{"__type__":"cc.Size","width":627,"height":69},"_trs":{"__type__":"TypedArray","ctor":"Float64Array","array":[5,189.315,0,0,0,0,1,1,1,1]}},{"__type__":"cc.Node","_name":"progressBar_bt","_parent":{"__id__":9},"_components":[{"__type__":"cc.Sprite","node":{"__id__":10},"_materials":[{"__uuid__":"ecpdLyjvZBwrvm+cedCcQy"}],"_spriteFrame":{"__uuid__":"3df7AApR9KVYxHQIPTXf8f"},"_sizeMode":2}],"_contentSize":{"__type__":"cc.Size","width":533,"height":37},"_trs":{"__type__":"TypedArray","ctor":"Float64Array","array":[0,0,0,0,0,0,1,1,1,1]}},{"__type__":"cc.Node","_name":"progressBar_mid copy","_parent":{"__id__":9},"_components":[{"__id__":12}],"_contentSize":{"__type__":"cc.Size","width":513,"height":21},"_anchorPoint":{"__type__":"cc.Vec2","y":0.5},"_trs":{"__type__":"TypedArray","ctor":"Float64Array","array":[-256.615,-0.5,0,0,0,0,1,1,1,1]}},{"__type__":"cc.Sprite","node":{"__id__":11},"_materials":[{"__uuid__":"ecpdLyjvZBwrvm+cedCcQy"}],"_spriteFrame":{"__uuid__":"081CqfOExKJbNdqvxTahQ/"},"_type":3,"_sizeMode":2,"_fillRange":1},{"__type__":"cc.Node","_name":"progressBar_mid","_parent":{"__id__":9},"_active":false,"_components":[{"__type__":"cc.Mask","node":{"__id__":13},"_materials":[{"__uuid__":"ecpdLyjvZBwrvm+cedCcQy"}],"_N$alphaThreshold":0}],"_contentSize":{"__type__":"cc.Size","width":599,"height":32},"_anchorPoint":{"__type__":"cc.Vec2","y":0.5},"_trs":{"__type__":"TypedArray","ctor":"Float64Array","array":[-299.064,6.5,0,0,0,0,1,1,1,1]}},{"__type__":"cc.ProgressBar","node":{"__id__":9},"_N$barSprite":{"__id__":12},"_N$mode":2},{"__type__":"cc.Node","_name":"txt","_parent":{"__id__":8},"_components":[{"__type__":"cc.Sprite","node":{"__id__":15},"_materials":[{"__uuid__":"ecpdLyjvZBwrvm+cedCcQy"}],"_spriteFrame":{"__uuid__":"75d2h/bCVGhanTsLxBFu03"},"_sizeMode":2}],"_contentSize":{"__type__":"cc.Size","width":646,"height":52},"_trs":{"__type__":"TypedArray","ctor":"Float64Array","array":[0,71.594,0,0,0,0,1,1,1,1]}},{"__type__":"cc.Node","_name":"txt_re","_parent":{"__id__":8},"_components":[{"__type__":"cc.Sprite","node":{"__id__":16},"_materials":[{"__uuid__":"ecpdLyjvZBwrvm+cedCcQy"}],"_spriteFrame":{"__uuid__":"2c47+ZMtxMGZ6h45cY5E5j"}}],"_contentSize":{"__type__":"cc.Size","width":158,"height":23},"_trs":{"__type__":"TypedArray","ctor":"Float64Array","array":[0,223.701,0,0,0,0,1,1,1,1]}},{"__type__":"cc.Node","_name":"logo","_parent":{"__id__":5},"_components":[{"__type__":"cc.Sprite","node":{"__id__":17},"_materials":[{"__uuid__":"ecpdLyjvZBwrvm+cedCcQy"}],"_spriteFrame":{"__uuid__":"e3Oon87fBCbrMDvqcrQPNB"},"_sizeMode":2}],"_contentSize":{"__type__":"cc.Size","width":725,"height":321},"_trs":{"__type__":"TypedArray","ctor":"Float64Array","array":[0,448.683,0,0,0,0,1,1,1,1]}}],{"__type__":"cc.SpriteFrame","content":{"name":"load_bar","texture":"5aCzjIT5dO/qdKa3Xnc2FW","rect":[0,0,513,21],"offset":[0,0],"originalSize":[513,21],"capInsets":[0,0,0,0]}},{"__type__":"cc.SpriteFrame","content":{"name":"bg","texture":"8eju8hwIpEzajUmVnFYaRX","rect":[0,0,750,1800],"offset":[0,0],"originalSize":[750,1800],"capInsets":[0,0,0,0]}},{"__type__":"cc.SpriteFrame","content":{"name":"txt_re","texture":"ccEiG9rn9MeomzJ3JqXkED","rect":[0,0,158,23],"offset":[0,0],"originalSize":[158,23],"capInsets":[0,0,0,0]}},{"__type__":"cc.SpriteFrame","content":{"name":"load_bg","texture":"a5rWiRAVNF6pNsan4CNW51","rect":[0,0,533,37],"offset":[0,0],"originalSize":[533,37],"capInsets":[0,0,0,0]}},{"__type__":"cc.SpriteFrame","content":{"name":"txt","texture":"704A5WuplLhbe4AfT6UE1z","rect":[0,0,646,52],"offset":[0,0],"originalSize":[646,52],"capInsets":[0,0,0,0]}},{"__type__":"cc.SpriteFrame","content":{"name":"logo","texture":"acedTPYENN+YHYedPEMOXh","rect":[0,0,725,321],"offset":[0,0],"originalSize":[725,321],"capInsets":[0,0,0,0]}}]