[{"__type__":"cc.Prefab","_name":"moto","data":{"__id__":1}},{"__type__":"cc.Node","_name":"moto","_children":[{"__id__":2},{"__id__":4},{"__id__":6},{"__id__":7},{"__id__":8},{"__id__":9}],"_components":[{"__type__":"8ede3uY1WhDiZNPkJxqmiPl","node":{"__id__":1},"hooshNode0":{"__id__":7},"hooshNode1":{"__id__":6},"hooshNode2":{"__id__":8},"motoSprite":{"__id__":5},"carSprite":{"__id__":3},"yunIcon":{"__id__":9}}],"_prefab":{"__type__":"cc.PrefabInfo","root":{"__id__":1},"asset":{"__uuid__":"d8b6Zd3OxNBaWLCGFIefCQ"},"fileId":"2ehDSKtxVOB5yQFLRXdk3V"},"_contentSize":{"__type__":"cc.Size","width":700,"height":400},"_anchorPoint":{"__type__":"cc.Vec2","x":0.5,"y":1},"_position":{"__type__":"cc.Vec3","x":3,"y":499},"_scale":{"__type__":"cc.Vec3","x":1,"y":1,"z":1},"_trs":{"__type__":"TypedArray","ctor":"Float64Array","array":[3,499,0,0,0,0,1,1,1,1]}},{"__type__":"cc.Node","_name":"car","_parent":{"__id__":1},"_active":false,"_components":[{"__id__":3}],"_prefab":{"__type__":"cc.PrefabInfo","root":{"__id__":1},"asset":{"__uuid__":"d8b6Zd3OxNBaWLCGFIefCQ"},"fileId":"c4smRARjNBvLRG/h6cT0TX"},"_contentSize":{"__type__":"cc.Size","width":350,"height":160},"_position":{"__type__":"cc.Vec3"},"_scale":{"__type__":"cc.Vec3","x":1,"y":1,"z":1},"_trs":{"__type__":"TypedArray","ctor":"Float64Array","array":[0,0,0,0,0,0,1,1,1,1]}},{"__type__":"cc.Sprite","node":{"__id__":2},"_sizeMode":2,"_isTrimmedMode":false},{"__type__":"cc.Node","_name":"moto","_parent":{"__id__":1},"_components":[{"__id__":5}],"_prefab":{"__type__":"cc.PrefabInfo","root":{"__id__":1},"asset":{"__uuid__":"d8b6Zd3OxNBaWLCGFIefCQ"},"fileId":"c13j785UJAcp1K+p2TewRT"},"_contentSize":{"__type__":"cc.Size","width":175,"height":80},"_position":{"__type__":"cc.Vec3","x":-3},"_scale":{"__type__":"cc.Vec3","x":2.5,"y":2.5,"z":1},"_trs":{"__type__":"TypedArray","ctor":"Float64Array","array":[-3,0,0,0,0,0,1,2.5,2.5,1]}},{"__type__":"cc.Sprite","node":{"__id__":4},"_materials":[{"__uuid__":"ecpdLyjvZBwrvm+cedCcQy"}],"_sizeMode":0,"_isTrimmedMode":false},{"__type__":"cc.Node","_name":"whoosh01","_parent":{"__id__":1},"_components":[{"__type__":"cc.Sprite","node":{"__id__":6},"_materials":[{"__uuid__":"ecpdLyjvZBwrvm+cedCcQy"}]}],"_prefab":{"__type__":"cc.PrefabInfo","root":{"__id__":1},"asset":{"__uuid__":"d8b6Zd3OxNBaWLCGFIefCQ"},"fileId":"9eEzbxG55DR5oBwY9FhoNn"},"_contentSize":{"__type__":"cc.Size","width":345,"height":249},"_anchorPoint":{"__type__":"cc.Vec2","x":0.5},"_position":{"__type__":"cc.Vec3","y":-355},"_scale":{"__type__":"cc.Vec3","x":1.2,"y":1.2,"z":1},"_trs":{"__type__":"TypedArray","ctor":"Float64Array","array":[0,0,0,0,0,0,1,1.2,1.2,1]}},{"__type__":"cc.Node","_name":"whoosh02","_parent":{"__id__":1},"_components":[{"__type__":"cc.Sprite","node":{"__id__":7},"_materials":[{"__uuid__":"ecpdLyjvZBwrvm+cedCcQy"}]}],"_prefab":{"__type__":"cc.PrefabInfo","root":{"__id__":1},"asset":{"__uuid__":"d8b6Zd3OxNBaWLCGFIefCQ"},"fileId":"63pI3xxjdLmroSGohzWg9J"},"_contentSize":{"__type__":"cc.Size","width":124,"height":113},"_position":{"__type__":"cc.Vec3","x":-240,"y":-205},"_scale":{"__type__":"cc.Vec3","x":-2,"y":2,"z":1},"_trs":{"__type__":"TypedArray","ctor":"Float64Array","array":[-240,-209,0,0,0,0.18223552549214747,0.9832549075639546,-2,2,1]},"_eulerAngles":{"__type__":"cc.Vec3","z":21}},{"__type__":"cc.Node","_name":"whoosh03","_parent":{"__id__":1},"_components":[{"__type__":"cc.Sprite","node":{"__id__":8},"_materials":[{"__uuid__":"ecpdLyjvZBwrvm+cedCcQy"}]}],"_prefab":{"__type__":"cc.PrefabInfo","root":{"__id__":1},"asset":{"__uuid__":"d8b6Zd3OxNBaWLCGFIefCQ"},"fileId":"56Ux1NNkJLmZ2DE0VvdFIX"},"_contentSize":{"__type__":"cc.Size","width":124,"height":113},"_position":{"__type__":"cc.Vec3","x":239,"y":-193},"_scale":{"__type__":"cc.Vec3","x":2,"y":2,"z":1},"_trs":{"__type__":"TypedArray","ctor":"Float64Array","array":[239,-193,0,0,0,-0.16504760586067765,0.9862856015372314,2,2,1]},"_eulerAngles":{"__type__":"cc.Vec3","z":-19}},{"__type__":"cc.Node","_name":"k008","_parent":{"__id__":1},"_components":[{"__type__":"sp.Skeleton","node":{"__id__":9},"_materials":[{"__uuid__":"7a/QZLET9IDreTiBfRn2PD"}],"defaultSkin":"default","defaultAnimation":"await1","_preCacheMode":0,"premultipliedAlpha":false,"_animationName":"await1"}],"_prefab":{"__type__":"cc.PrefabInfo","root":{"__id__":1},"asset":{"__uuid__":"d8b6Zd3OxNBaWLCGFIefCQ"},"fileId":"3bqcrFo/xGP7GnZgkMKhX1"},"_position":{"__type__":"cc.Vec3","x":-6.7,"y":59.6},"_scale":{"__type__":"cc.Vec3","x":0.3,"y":0.3,"z":1},"_trs":{"__type__":"TypedArray","ctor":"Float64Array","array":[-6.7,60,0,0,0,0,1,0.3,0.3,1]}}]