[{"__type__":"cc.SpriteFrame","content":{"name":"bg","texture":"8eju8hwIpEzajUmVnFYaRX","rect":[0,0,750,1800],"offset":[0,0],"originalSize":[750,1800],"capInsets":[0,0,0,0]}},{"__type__":"cc.SpriteFrame","content":{"name":"tipRect","texture":"a13t3j1hFGhJAKotUB0fwF","rect":[0,0,343,134],"offset":[0,0],"originalSize":[343,134],"capInsets":[22,30,32,32]}},{"__type__":"cc.SpriteFrame","content":{"name":"default_sprite_splash","texture":"02delMVqdBD70a/HSD99FK","rect":[0,0,2,2],"offset":[0,0],"originalSize":[2,2],"capInsets":[0,0,0,0]}},{"__type__":"cc.SpriteFrame","content":{"name":"text_game_tips","texture":"bbN4C+Pd1BlIkqRM5z33B2","rect":[0,0,553,50],"offset":[0,0],"originalSize":[553,50],"capInsets":[0,0,0,0]}},[{"__type__":"cc.SceneAsset","_name":"LoginScene","scene":{"__id__":1},"asyncLoadAssets":null},{"__type__":"cc.Scene","_name":"New Node","_children":[{"__id__":2},{"__id__":18},{"__id__":23}],"_active":false,"_anchorPoint":{"__type__":"cc.Vec2"},"_trs":{"__type__":"TypedArray","ctor":"Float64Array","array":[0,0,0,0,0,0,1,1,1,1]},"autoReleaseAssets":true},{"__type__":"cc.Node","_name":"Canvas","_parent":{"__id__":1},"_children":[{"__id__":3},{"__id__":4},{"__id__":5},{"__id__":6}],"_components":[{"__type__":"cc.Canvas","node":{"__id__":2},"_designResolution":{"__type__":"cc.Size","width":750,"height":1334},"_fitWidth":true,"_fitHeight":false},{"__type__":"854d84Q3e1LYqlbihhiLyFd","node":{"__id__":2},"loginBtn":{"__id__":9},"isPreloadScene":false,"sceneName":"InitScene","enterGameButton":{"__id__":8},"openIdLabel":{"__id__":17}},{"__type__":"cc.Widget","node":{"__id__":2},"_alignFlags":45}],"_contentSize":{"__type__":"cc.Size","width":750,"height":1334},"_trs":{"__type__":"TypedArray","ctor":"Float64Array","array":[375,667,0,0,0,0,1,1,1,1]},"_id":"7brGImFxJN+pVbKVraV05k"},{"__type__":"cc.Node","_name":"Main Camera","_parent":{"__id__":2},"_components":[{"__type__":"cc.Camera","node":{"__id__":3},"_clearFlags":7,"_depth":-1}],"_trs":{"__type__":"TypedArray","ctor":"Float64Array","array":[0,0,527.4094709047232,0,0,0,1,1,1,1]}},{"__type__":"cc.Node","_name":"bg","_parent":{"__id__":2},"_components":[{"__type__":"cc.Sprite","_name":"bg<Sprite>","node":{"__id__":4},"_materials":[{"__uuid__":"ecpdLyjvZBwrvm+cedCcQy"}],"_spriteFrame":{"__uuid__":"0d1mSgU61HKo1B90ixqM+0"},"_sizeMode":2}],"_contentSize":{"__type__":"cc.Size","width":750,"height":1800},"_trs":{"__type__":"TypedArray","ctor":"Float64Array","array":[0,0,0,0,0,0,1,1,1,1]}},{"__type__":"cc.Node","_name":"logo","_parent":{"__id__":2},"_components":[{"__type__":"cc.Sprite","node":{"__id__":5},"_materials":[{"__uuid__":"ecpdLyjvZBwrvm+cedCcQy"}]},{"__type__":"cc.Widget","node":{"__id__":5},"_alignFlags":17,"_top":107}],"_contentSize":{"__type__":"cc.Size","width":592,"height":384},"_trs":{"__type__":"TypedArray","ctor":"Float64Array","array":[0,368,0,0,0,0,1,1,1,1]}},{"__type__":"cc.Node","_name":"bottom","_parent":{"__id__":2},"_children":[{"__id__":7},{"__id__":8},{"__id__":9},{"__id__":10}],"_components":[{"__type__":"cc.Widget","node":{"__id__":6},"_alignFlags":4,"_bottom":49.44449999999998}],"_contentSize":{"__type__":"cc.Size","width":601,"height":572.88},"_anchorPoint":{"__type__":"cc.Vec2","x":0.5,"y":0.23},"_trs":{"__type__":"TypedArray","ctor":"Float64Array","array":[0,-485.79310000000004,0,0,0,0,1,1,1,1]}},{"__type__":"cc.Node","_name":"text","_parent":{"__id__":6},"_components":[{"__type__":"cc.Sprite","node":{"__id__":7},"_materials":[{"__uuid__":"ecpdLyjvZBwrvm+cedCcQy"}],"_spriteFrame":{"__uuid__":"c40JE9n21CiIpT7WvA9XEW"}}],"_contentSize":{"__type__":"cc.Size","width":553,"height":50},"_trs":{"__type__":"TypedArray","ctor":"Float64Array","array":[0,-100.883,0,0,0,0,1,1,1,1]}},{"__type__":"cc.Node","_name":"btn_go","_parent":{"__id__":6},"_components":[{"__type__":"cc.Sprite","node":{"__id__":8},"_materials":[{"__uuid__":"ecpdLyjvZBwrvm+cedCcQy"}]},{"__type__":"cc.Button","node":{"__id__":8},"clickEvents":[{"__type__":"cc.ClickEvent","target":{"__id__":2},"_componentId":"854d84Q3e1LYqlbihhiLyFd","handler":"onEnterGame"}],"_N$transition":3,"transition":3},{"__type__":"020efVEkFVHGrzx/AyYDwDB","node":{"__id__":8}}],"_contentSize":{"__type__":"cc.Size","width":265,"height":114},"_trs":{"__type__":"TypedArray","ctor":"Float64Array","array":[0,88.581,0,0,0,0,1,1,1,1]}},{"__type__":"cc.Node","_name":"btn_login","_parent":{"__id__":6},"_components":[{"__type__":"cc.Sprite","node":{"__id__":9},"_materials":[{"__uuid__":"ecpdLyjvZBwrvm+cedCcQy"}]},{"__type__":"cc.Button","node":{"__id__":9},"clickEvents":[{"__type__":"cc.ClickEvent","target":{"__id__":2},"_componentId":"854d84Q3e1LYqlbihhiLyFd","handler":"onEnterGame"}],"_N$transition":3,"transition":3},{"__type__":"020efVEkFVHGrzx/AyYDwDB","node":{"__id__":9}}],"_contentSize":{"__type__":"cc.Size","width":265,"height":114},"_trs":{"__type__":"TypedArray","ctor":"Float64Array","array":[0,86.229,0,0,0,0,1,1,1,1]}},{"__type__":"cc.Node","_name":"New EditBox","_parent":{"__id__":6},"_children":[{"__id__":11},{"__id__":13},{"__id__":15}],"_components":[{"__id__":17}],"_contentSize":{"__type__":"cc.Size","width":160,"height":40},"_trs":{"__type__":"TypedArray","ctor":"Float64Array","array":[0,0,0,0,0,0,1,1,1,1]}},{"__type__":"cc.Node","_name":"BACKGROUND_SPRITE","_parent":{"__id__":10},"_components":[{"__id__":12},{"__type__":"cc.Widget","node":{"__id__":11},"alignMode":0,"_alignFlags":45,"_originalWidth":160,"_originalHeight":40}],"_contentSize":{"__type__":"cc.Size","width":160,"height":40},"_trs":{"__type__":"TypedArray","ctor":"Float64Array","array":[0,0,0,0,0,0,1,1,1,1]}},{"__type__":"cc.Sprite","node":{"__id__":11},"_materials":[{"__uuid__":"ecpdLyjvZBwrvm+cedCcQy"}],"_spriteFrame":{"__uuid__":"ffDpHHVcZAhqOfy25Fe4w7"},"_type":1,"_sizeMode":0},{"__type__":"cc.Node","_name":"TEXT_LABEL","_parent":{"__id__":10},"_components":[{"__id__":14},{"__type__":"cc.Widget","node":{"__id__":13},"alignMode":0,"_alignFlags":45,"_left":2,"_originalWidth":158,"_originalHeight":40}],"_contentSize":{"__type__":"cc.Size","width":158,"height":40},"_anchorPoint":{"__type__":"cc.Vec2","y":1},"_trs":{"__type__":"TypedArray","ctor":"Float64Array","array":[-78,20,0,0,0,0,1,1,1,1]}},{"__type__":"cc.Label","node":{"__id__":13},"_materials":[{"__uuid__":"ecpdLyjvZBwrvm+cedCcQy"}],"_string":"按按3 ","_N$string":"按按3 ","_fontSize":20,"_lineHeight":25,"_enableWrapText":false,"_N$verticalAlign":1,"_N$overflow":1},{"__type__":"cc.Node","_name":"PLACEHOLDER_LABEL","_parent":{"__id__":10},"_active":false,"_components":[{"__id__":16},{"__type__":"cc.Widget","node":{"__id__":15},"alignMode":0,"_alignFlags":45,"_left":2,"_originalWidth":158,"_originalHeight":40}],"_color":{"__type__":"cc.Color","r":187,"g":187,"b":187},"_contentSize":{"__type__":"cc.Size","width":158,"height":40},"_anchorPoint":{"__type__":"cc.Vec2","y":1},"_trs":{"__type__":"TypedArray","ctor":"Float64Array","array":[-78,20,0,0,0,0,1,1,1,1]}},{"__type__":"cc.Label","node":{"__id__":15},"_materials":[{"__uuid__":"ecpdLyjvZBwrvm+cedCcQy"}],"_string":"输入openid","_N$string":"输入openid","_fontSize":20,"_lineHeight":25,"_enableWrapText":false,"_N$verticalAlign":1,"_N$overflow":1},{"__type__":"cc.EditBox","node":{"__id__":10},"_useOriginalSize":false,"_string":"按按3 ","_N$textLabel":{"__id__":14},"_N$placeholderLabel":{"__id__":16},"_N$background":{"__id__":12},"_N$inputMode":6},{"__type__":"cc.Node","_name":"loadingMask","_parent":{"__id__":1},"_children":[{"__id__":19},{"__id__":20},{"__id__":21}],"_components":[{"__type__":"cc.Widget","node":{"__id__":18},"_alignFlags":45,"_originalWidth":100,"_originalHeight":100},{"__type__":"dd17404NCFJWowtAl3BBA9B","node":{"__id__":18},"loadingTipsLabel":{"__id__":22}}],"_prefab":{"__type__":"cc.PrefabInfo","root":{"__id__":18},"asset":{"__uuid__":"07+fAYAqRFMqdHGDckEFtp"},"fileId":"1deW55bIJE57JfiXMzFGZ0"},"_color":{"__type__":"cc.Color","r":51,"g":50,"b":50},"_contentSize":{"__type__":"cc.Size","width":750,"height":1334},"_trs":{"__type__":"TypedArray","ctor":"Float64Array","array":[375,667,0,0,0,0,1,1,1,1]},"_id":"38BeU23E1Job3feLnl5s51"},{"__type__":"cc.Node","_name":"New Sprite(Splash)","_parent":{"__id__":18},"_components":[{"__type__":"cc.Sprite","node":{"__id__":19},"_materials":[{"__uuid__":"ecpdLyjvZBwrvm+cedCcQy"}],"_spriteFrame":{"__uuid__":"a2MjXRFdtLlYQ5ouAFv/+R"},"_sizeMode":0},{"__type__":"cc.BlockInputEvents","node":{"__id__":19}},{"__type__":"cc.Widget","node":{"__id__":19},"_alignFlags":45,"_originalWidth":100,"_originalHeight":100}],"_prefab":{"__type__":"cc.PrefabInfo","root":{"__id__":18},"asset":{"__uuid__":"07+fAYAqRFMqdHGDckEFtp"},"fileId":"64gEq72bNF+LWogQXbKOwA"},"_opacity":120,"_color":{"__type__":"cc.Color","r":68,"g":64,"b":64},"_contentSize":{"__type__":"cc.Size","width":750,"height":1334},"_trs":{"__type__":"TypedArray","ctor":"Float64Array","array":[0,0,0,0,0,0,1,1,1,1]}},{"__type__":"cc.Node","_name":"jiazai","_parent":{"__id__":18},"_components":[{"__type__":"cc.Sprite","node":{"__id__":20},"_enabled":false,"_materials":[{"__uuid__":"ecpdLyjvZBwrvm+cedCcQy"}]},{"__type__":"cc.Animation","node":{"__id__":20},"playOnLoad":true}],"_prefab":{"__type__":"cc.PrefabInfo","root":{"__id__":18},"asset":{"__uuid__":"07+fAYAqRFMqdHGDckEFtp"},"fileId":"36Gw6/a81DoLim4suNhlkW"},"_contentSize":{"__type__":"cc.Size","width":124,"height":131},"_trs":{"__type__":"TypedArray","ctor":"Float64Array","array":[0,0,0,0,0,0,1,1,1,1]}},{"__type__":"cc.Node","_name":"LabelTips","_parent":{"__id__":18},"_components":[{"__id__":22}],"_prefab":{"__type__":"cc.PrefabInfo","root":{"__id__":18},"asset":{"__uuid__":"07+fAYAqRFMqdHGDckEFtp"},"fileId":"afk/9SKcBF7KwRIM0hIUC5"},"_contentSize":{"__type__":"cc.Size","height":50.4},"_trs":{"__type__":"TypedArray","ctor":"Float64Array","array":[0,-107,0,0,0,0,1,1,1,1]}},{"__type__":"cc.Label","node":{"__id__":21},"_materials":[{"__uuid__":"ecpdLyjvZBwrvm+cedCcQy"}],"_useOriginalSize":false,"_N$horizontalAlign":1,"_N$verticalAlign":1},{"__type__":"cc.Node","_name":"toastNode","_parent":{"__id__":1},"_children":[{"__id__":24}],"_components":[{"__type__":"cc.Widget","node":{"__id__":23},"_alignFlags":18},{"__type__":"cc.Animation","node":{"__id__":23},"_clips":[{"__uuid__":"847d/xTXZD2JtljwHxiMx/"}]},{"__type__":"f6007yG0ipA173pXSl4Y7Y/","node":{"__id__":23},"labelToast":{"__id__":26},"toastNode":{"__id__":24}}],"_prefab":{"__type__":"cc.PrefabInfo","root":{"__id__":23},"asset":{"__uuid__":"0aA10oHrxFd7uXNS5cFxXp"},"fileId":"04b1aoz4pOTrE0eMJBxH8H"},"_contentSize":{"__type__":"cc.Size","width":200,"height":50},"_trs":{"__type__":"TypedArray","ctor":"Float64Array","array":[375,667,0,0,0,0,1,1,1,1]},"_id":"2cjcgKGKNGQaK65L7VexR4"},{"__type__":"cc.Node","_name":"bg","_parent":{"__id__":23},"_children":[{"__id__":25}],"_active":false,"_components":[{"__type__":"cc.Sprite","_name":"bg<Sprite>","node":{"__id__":24},"_materials":[{"__uuid__":"ecpdLyjvZBwrvm+cedCcQy"}],"_spriteFrame":{"__uuid__":"4dxlV/v4hGua59/RCLPww1"},"_type":1,"_sizeMode":0},{"__type__":"cc.Layout","node":{"__id__":24},"_layoutSize":{"__type__":"cc.Size","width":180,"height":83},"_resize":1,"_N$layoutType":1,"_N$paddingLeft":40,"_N$paddingRight":40}],"_prefab":{"__type__":"cc.PrefabInfo","root":{"__id__":23},"asset":{"__uuid__":"0aA10oHrxFd7uXNS5cFxXp"},"fileId":"b74ppta61NVYzA/HjZka9N"},"_contentSize":{"__type__":"cc.Size","width":180,"height":83},"_trs":{"__type__":"TypedArray","ctor":"Float64Array","array":[0,0,0,0,0,0,1,1,1,1]}},{"__type__":"cc.Node","_name":"label_toast","_parent":{"__id__":24},"_components":[{"__id__":26}],"_prefab":{"__type__":"cc.PrefabInfo","root":{"__id__":23},"asset":{"__uuid__":"0aA10oHrxFd7uXNS5cFxXp"},"fileId":"1fjaq7xIhJNp8NDskUp82J"},"_color":{"__type__":"cc.Color","r":175,"g":82},"_contentSize":{"__type__":"cc.Size","width":100,"height":31.5},"_trs":{"__type__":"TypedArray","ctor":"Float64Array","array":[0,0,0,0,0,0,1,1,1,1]}},{"__type__":"cc.Label","_name":"label_toast<Label>","node":{"__id__":25},"_materials":[{"__uuid__":"ecpdLyjvZBwrvm+cedCcQy"}],"_useOriginalSize":false,"_string":"消息提示","_N$string":"消息提示","_fontSize":25,"_lineHeight":25,"_N$horizontalAlign":1,"_N$verticalAlign":1,"_N$fontFamily":"黑体"}],{"__type__":"cc.SpriteFrame","content":{"name":"default_editbox_bg","texture":"ed0hW5J5ZKBar1gflskoHO","rect":[0,0,40,40],"offset":[0,0],"originalSize":[40,40],"capInsets":[12,12,12,12]}}]